Title,Properties
Garuda Indonesia Penerbangan 206,"{{Infobox aircraft occurrence
|name            = Garuda Indonesia Penerbangan 206
|occurrence_type = Pembajakan
|image           = PK-GNQ-DC9.jpg
|caption         = 
|date            = 28 Maret 1981
|type            = [[Pembajakan pesawat|Pembajakan]]
|site            = Udara Indonesia
|aircraft_type   = [[McDonnell Douglas DC-9|McDonnell Douglas DC-9-32]]
|aircraft_name   = ""Woyla""
|operator        = [[Garuda Indonesia]]
|tail_number     = PK-GNJ
|origin          = [[Bandar Udara Internasional Sultan Mahmud Badaruddin II|Bandara Talang Betutu]], [[Palembang]] [[Indonesia]]
|destination     = [[Bandara Internasional Polonia]], [[Medan]] Indonesia
|passengers      = 57
|crew            = 
|injuries        = 2
|fatalities      = 6 (4 pembajak, 1 kommando, dan pilot)
|survivors       = 57
}}"
Merpati Nusantara Airlines Penerbangan 422,"{{Infobox Aircraft occurrence
|name             = Merpati Nusantara Airlines Flight 422
|occurrence_type  = Kecelakaan
|image            = Merpati Nusantara Fokker F-28-4000 Fellowship Pichugin.jpg
|image_size       = 250
|alt              = 
|caption          = PK-GKU, sebuah Fokker F28ER yang mengalami kecelakaan. 
|date             = 30 November 1994 
|type             = Kehabisan landasan
|site             = [[Bandar Udara Internasional Achmad Yani]]
|aircraft_type    = [[Fokker F28ER]]
|operator         = [[Merpati Nusantara Airlines]]
|tail_number      = PK-GKU
|origin           = [[Bandar Udara Halim Perdanakusuma]], [[Jakarta]], [[Indonesia]]
|destination      = [[Bandar Udara Internasional Achmad Yani]], [[Indonesia]]
|passengers       = 79 
|crew             = 6
|injuries         = 27 
|fatalities       = 0
|survivors        = 85 (semua)
}}"
Gempa bumi Sumba 1977,"{{Infobox earthquake
|title=Gempa Bumi Sumba 1977
|map2 = {{Location map+ | Indonesia #Nusa Tenggara Timur
|places =
{{Location map~|Indonesia#Nusa Tenggara Timur|lat=-11.085|long=118.464|mark=Bullseye1.png|marksize=40}}
| relief = 1
| width = 250
| float = right
| caption = }}
|mapsize            =
|caption            =
|timestamp          = 1977-08-19 06:08:55
|anss-url           = iscgem694739
|isc-event          = 694739
|local-date               = {{Start date|1977|8|19|mf=y}} <ref name=Utsu/>
|local-time         = 14:08
|duration           =
|magnitude          = 8.3 {{M|w|link=y}}
|local-date= 19 Agustus 1977
|map =
|image name =
|depth=30.0 km
|location=
|countries affected = [[Sumba]], [[Sumbawa]], Indonesia<br>Australia 
|intensity = {{MMI|8}}
|tsunami= ya
|casualties = 316 tewas<br>1,100 luka-luka
}}"
KMP Tampomas,
Gerakan 30 September,"{{Infobox military conflict|conflict=Gerakan 30 September|partof=|image=potret gestapu.jpg|image_size=250px|caption=Proses pengangkatan 7 jenazah korban G30S dari sebuah sumur lama di kawasan [[Lubang Buaya]] pada tanggal 3 Oktober 1965|date=30 September malam - 1 Oktober menjelang pagi|place=Kelurahan [[Lubang Buaya|Lubang Buaya, Cipayung, Jakarta Timur]]|territory=|result=|combatant1=|combatant2=|commander1=|commander2=|units1=|units2=|strength1=|strength2=|casualties1=1. [[Ahmad Yani|Letnan Jenderal TNI Ahmad Yani]] (43 tahun) <br/> 2. [[R. Soeprapto (pahlawan revolusi)|Mayor Jenderal TNI Raden Soeprapto]] (45 tahun) <br/> 3. [[Mas Tirtodarmo Haryono|Mayor Jenderal TNI Mas Tirtodarmo Haryono]] (41 tahun) <br/> 4. [[Siswondo Parman|Mayor Jenderal TNI Siswondo Parman]] (47 tahun) <br/> 5. [[D.I. Pandjaitan|Brigadir Jenderal TNI Donald Isaac Panjaitan]] (40 tahun) <br/> 6. [[Sutoyo Siswomiharjo|Brigadir Jenderal TNI Sutoyo Siswomiharjo]] (43 tahun) <br/> 7. [[Pierre Tendean|Letnan Satu Pierre Andreas Tendean]] (26 tahun) <br/> dan korban-korban lainnya.|casualties2=|casualties3=|notes=}}"
Tabrakan KRL Jabotabek Ratujaya 1993,"{{Infobox rail accident
<!-- Disembunyikan sebagai komentar: |image = Kecelakaan_Kereta_Api_Ratu_Jaya.jpg 
|caption = Gerbong Kecelakaan Kereta Api Ratu Jaya-->
|date = {{Start date and age|1993|11|2}}
|time = 07.25 WIB
|location = [[Kabupaten Bogor|Kota Administratif Depok]]
|country = [[Indonesia]]
|line = [[Jalur kereta api Manggarai–Padalarang|Manggarai–Padalarang]]
|operator = [[Perusahaan Umum Kereta Api]]
|type = Tabrakan langsung
|cause = Miskomunikasi antar-[[PPKA]]
|trains = 2
|pax = 
|deaths = 20
|injuries = ± 100
|crew = 
}}"
Sempati Air Penerbangan 304,"{{Infobox aircraft occurrence
 | name            = Sempati Air Penerbangan 304
 | occurrence_type = Kecelakaan
 | image           = Fokker F27 d-aeld Marcel van Leeuwen 2-2002.jpg
 | caption         = Pesawat Fokker F27, serupa dengan pesawat yang jatuh
 | date            = 17 Juli 1997
 | summary         = [[Gagal mesin saat lepas landas]] (EFTO), [[kesalahan pilot]]
 | site            = Margahayu, [[Bandung]], [[Jawa Barat]], Indonesia
 | coordinates     = 
 | aircraft_type   = [[Fokker F27|Fokker F-27 Friendship 600]]
 | operator        = [[Sempati Air]]
 | aircraft_name   = ''Jayapura''
 | tail_number     = PK-YPM
 | passengers      = 45
 | crew            = 5
 | fatalities      = 28
 | injuries        = 22±
 | survivors       = 22
 | origin          = [[Bandar Udara Internasional Husein Sastranegara]], [[Bandung]], Indonesia
 | destination     = [[Bandar Udara Halim Perdanakusuma]], [[Jakarta]], Indonesia
}}"
Pembicaraan Templat:Bencana di Indonesia tahun 1980-an,
Gempa bumi Liwa 1994,"{{Infobox earthquake
| title = Gempa bumi Liwa 1994
| timestamp = 1994-02-15 17:07:43
| anss-url = usp00068jd
| isc-event = 185661
| local-date = {{Start-date|16 Februari 1994}}
| local-time = 00:07 [[Time in Indonesia|WIB]]
| image =
| image alt =
| map =
|map2 = {{Location map | Indonesia Sumatra
 | relief = yes
| label =
| lat = -4.967
| long = 104.302
| mark = Bullseye1.png
| marksize = 40
| position = top
| width = 250
| float = right
| caption = }}
|caption = 
| map_alt =
| magnitude = 7.0 [[Skala kekuatan Moment|M<sub>w</sub>]]
| depth = {{convert|23|km|abbr=on}}
| location = {{Coord|4.967|S|104.302|E|display =inline,title}}
| type = [[Patahan (geologi)#Strike-slip faults|Strike-slip]]
| fault = [[Sesar Semangko]]
| countries affected = [[Indonesia]]
| tsunami =
| intensity = {{MMI|X}}<ref name=""BMKG"">{{cite web |title=Katalog Gempabumi Signifikan dan Dirasakan |url=https://www.bmkg.go.id/gempabumi/katalog-gempabumi-signifikan.bmkg |publisher=BMKG |access-date=26 August 2021 |archive-date=2021-07-25 |archive-url=https://web.archive.org/web/20210725043658/https://www.bmkg.go.id/gempabumi/katalog-gempabumi-signifikan.bmkg |dead-url=no }}</ref>
| casualties =207 tewas and 2000+ luka
}}"
Gempa bumi Sulawesi Tengah 1996,"{{Infobox earthquake
| name = Gempa bumi Sulawesi 1996
| depth = 24.0 km
| casualties = 9 tewas, 63 luka-luka
| aftershocks = 
| foreshocks = 
| landslide = 
| tsunami = {{cvt|2–4|m|ft}}
| pgv = 
| pga = 
| intensity = {{MMI|X}}<ref name=""Impact"">{{cite web |title=M 7.9 - Minahasa, Sulawesi, Indonesia |url=https://earthquake.usgs.gov/earthquakes/eventpage/usp00079zv/executive |website=USGS-ANSS |publisher=USGS |access-date=24 March 2021}}</ref>
| damages = 
| affected = [[Indonesia]]
| type = [[Sesar (geologi)|Thrust]]
| fault = 
| magnitude = 7.9 {{M|w|link=yes}}
| image = 
| duration = 30 detik
| local-time = 16:05 [[WITA]]
| local-date = 1 Januari 1996
| anss-url = usp00079zv
| isc-event = 939295
| timestamp = 1996-01-01 08:05:10
| map2 = {{Location map| Indonesia_Sulawesi#Indonesia
 | relief = yes
 | lat = 0.729
 | long = 119.931
 | mark = Bullseye1.png
 | marksize = 40
 | position = top
 | width = 250
 | caption =}}
| location = {{coord|-0.729|119.931|display=inline, title}}
| map_caption = 
| map_alt = 
| map = 
| caption = 
| alt = 
| citations = 
}}"
Kerusuhan Sambas,"{{Infobox military conflict|conflict=Konflik Sambas|combatant1=[[Suku Sambas|Suku Melayu]] dan [[Suku Dayak]]{{sfn|Sampit Berdarah, Dayak|2001}}|combatant2=[[Suku Madura]]{{sfn|Konflik Sampit, Madura|2001}} |place=[[Sambas]]{{refn|group=Catatan|tidak ada data pasti untuk daerah lain}}{{br}}|casualties1= *1.189 terbunuh <br /> 168 orang luka berat <br />34 orang luka ringan <br /> 29.823 warga Madura mengungsi.
}}"
Pendudukan Gedung DPR/MPR,
Pengeboman Masjid Istiqlal 1999,
Peristiwa Lapangan Banteng 1982,
Templat:Bencana di Indonesia tahun 1960-an,
Kerusuhan rasial Jawa Tengah 1980,"{{Infobox civil conflict
| title            = {{PAGENAME}}
| partof           = 
| image            = 
| caption          = 
| date             = 20 November - 22 November 1980
| place            =  [[Kota Surakarta|Solo]] <br>  [[Kota Semarang|Semarang]] <br> [[Kabupaten Semarang]]
| coordinates      = 
| causes           = Terserempetnya seorang anak SGO (Pipit Supriyadi) oleh seorang preman  [[Tionghoa-Indonesia|keturunan Cina]] (Kicak) 
| goals            = Aksi anti-Tionghoa yang bersifat anarkis 
| methods          = Pembakaran <br> penjarahan
| status           = Selesai
| result           = 
| side1            = 
| side2            = 
| side3            = 
| leadfigures1     = Eddy Wibowo (mahasiswa tingkat II Fakultas Sastra Budaya  [[UNS|Universitas Negeri Sebelas Maret Surakarta]]) <br> Hari Mulyadi <br> Endu Marsono
| leadfigures2     = 
| leadfigures3     = 
| howmany1         = 
| howmany2         = 
| howmany3         = 
| casualties1      = 
| casualties2      = 
| casualties3      = 
| fatalities       =
| injuries         =
| arrests          =
| detentions       =
| charged          =
| fined            =
| casualties_label = 
| notes            = 
| sidebox          = 
}}"
Kategori:Indonesia dalam tahun 1979,
Operasi militer Indonesia di Aceh 1990-1998,"{{Infobox Military Conflict
|conflict=Operasi militer Indonesia di Aceh 1990–1998
|image=[[Berkas:IndonesiaAceh.png|280px]]
|caption=Lokasi Aceh di Indonesia
|partof=[[Pemberontakan di Aceh|Konflik di Aceh]] dan [[Separatisme di Indonesia]]
|date=Awal 1990 – 22 Agustus 1998
|place=[[Aceh]], [[Indonesia]]
|result= Penarikan [[ABRI]] dari Aceh
|combatant1=
{{flagicon|Indonesia}} [[Indonesia]]
* [[Angkatan Bersenjata Republik Indonesia]] (ABRI)
{{br}}'''Pendukung :'''{{br}}{{Flag|Amerika Serikat}}
|combatant2={{flagicon image|Flag of Free Aceh Movement.svg}} [[Gerakan Aceh Merdeka]]
* [[Tentara]] [[Nasional]] [[Aceh]] (TNA)
* [[Laskar]] [[Inöng]] [[Balè]]
|commander1={{flagicon|Indonesia}} [[Soeharto]]{{br}}{{Flagicon|Indonesia}} [[Try Sutrisno]]{{br}}{{Flagicon|Indonesia}} [[Sutiyoso]]
|commander2={{flagicon image|Flag of Free Aceh Movement.svg}} [[Teungku Hasan Muhammad di Tiro|Hasan Di Tiro]]{{br}}{{flagicon image|Flag of Free Aceh Movement.svg}} [[Abdullah Syafi'i (GAM)|Abdullah Syafi'i]]
|strength1={{Flagdeco|Indonesia}} 12,000 (1990)
|strength2={{flagicon image|Flag of Free Aceh Movement.svg}} 750+ (1991)
|casualties1=
|casualties2=
|casualties3=9.000+ orang tewas sebagian besar warga sipil <ref name=""ww"">{{cite web |url=http://www.worldwatch.org/node/3929 |title=Conflict and Peacemaking in Aceh: A Chronology &#124; Worldwatch Institute |format= |work= |accessdate= |archive-date=2019-07-10 |archive-url=https://web.archive.org/web/20190710011732/http://www.worldwatch.org/node/3929 |dead-url=yes }}</ref>
}}"
Tragedi Lampung,
Gempa bumi Biak 1996,"{{Infobox earthquake
 | name        = Gempa bumi Biak 1996
| timestamp = 1996-02-17 05:59:30
| anss-url = usp0007d1w
| isc-event = 947787
 | image       = <!-- file name only -->
 | alt         = 
 | caption     = 
 | map         = <!-- file name only -->
 | map_alt     = 
 | map_caption =
 | map2        = {{Location map | Indonesia Papua#Papua
 | label =
 | lat = -0.95
 | long = 136.94
 | mark = Bullseye1.png
 | marksize = 50
 | position = 
 | width = 250
 | float = right
 | caption =}}
 | local-date        = {{Start-date|1996|2|17}}
 | local-time        = {{tooltip|14:59:30 [[WIT]]}} <ref name=ISC-GEM/>
 | duration    =
 | magnitude   = 8.2 [[Skala magnitudo momen|M<sub>w</sub>]] 
 | depth       = {{convert|20|km|mi|0|abbr=on}} 
 | location    = {{coord|-.95|136.94|region:ID_type:event|display=inline,title}} <ref name=ISC-GEM/>
 | fault       = 
 | type        = Thrust <ref name=Okal/>
 | affected    = 
 | damage     = [[Dolar Amerika Serikat|$]]4,2 juta<ref name=PAGER-CAT/>
 | intensity   = {{MMI|9}}
 | pga         = <!-- NN''[[Peak ground acceleration|g]]'' -->
 | tsunami     = {{convert|7|m|abbr=on}} <ref name=Okal/>
 | landslide   =
 | foreshocks  =
 | aftershocks =
 | casualties  = 166 tewas<ref name=PAGER-CAT/> <br> 423 luka-luka<ref name=PAGER-CAT/> <br> 10.000 kehilangan tempat tinggal<ref name=PAGER-CAT/>
}}"
Musibah Fokker F28 Garuda Indonesia 1979,"{{Infobox Airliner accident
|date = 11 JulI 1979
|type = Tabrakan dengan gunung
|image=Garuda_Fokker_F28-1000_Volpati-1.jpg
|caption=Pesawat Fokker F28 serupa dengan yang mengalami kecelakaan.
|occurrence_type = insiden
|site = [[Gunung Pertektekan]]
|aircraft_type = [[Fokker F28|Fokker F28 Mk-1000]]
|tail_number = PK-GVE
|aircraft_name = Mamberamo
|operator    = [[Garuda Indonesia]]
|origin      = [[Bandar Udara Sultan Mahmud Badaruddin II]]<br/>[[Palembang]], Indonesia
|destination = [[Bandar Udara Polonia]]<br/>[[Medan]], Indonesia
|passengers  = 58
|crew        = 5
|survivors   = 2
|fatalities  = 61 
}}"
Peristiwa Tanjung Priok,"{{Infobox civil conflict
| title = Peristiwa Tanjung Priok
| partof =
| image = [[Berkas:Tragedi_Tanjung_Priok.jpeg|300px]]
| caption =
| date = 13 September 1984
| place = [[Tanjung Priok (disambiguasi)|Tanjung Priok]], [[Jakarta Utara]], Indonesia
| coordinates =
| causes =
| status =
| goals =
| result = lihat [[#Akibat|Akibat]]
| methods = Penembakan
| side1 = [[Tentara Nasional Indonesia]]
| side2 = Warga muslim Tanjung Priok
| side3 =
| leadfigures1 = [[Try Sutrisno]]<br/>[[Leonardus Benyamin Moerdani]]
| leadfigures2 = [[Amir Biki]]
| leadfigures3 =
| howmany1 = Tidak diketahui
| howmany2 = {{Abbr|>|Greater than}}1,000
| howmany3 =
| casualties1 = Tidak ada
| casualties2 = 24 tewas dan 54 terluka <small>(resmi)</small> <br/> {{Abbr|>|Greater than}}100 tewas atau terluka <small>(estimasi)</small>
| casualties3 =
| casualties_label =
| notes =
}}"
Gempa bumi Flores 1992,"{{Infobox earthquake
|title = Gempa bumi dan tsunami Flores 1992
|timestamp = 1992-12-12 05:29:26
|anss-url = usp0005j5a
|isc-event = 257091
|local-date = {{start-date|12 Desember 1992}}
|local-time = 13:29 [[Waktu Indonesia Tengah|WITA (Waktu Indonesia Tengah)]]
| map2 = {{Location map | Indonesia#Indonesia Flores
 | relief = 1
 | label =
 | lat = -8.48
 | long = 121.896
 | mark = Bullseye1.png
 | marksize = 40
 | position = top
 | width = 250
 | float = right
 | caption = }}
|magnitude = 7.8 [[Skala kekuatan Moment|M<sub>w</sub>]]<ref name=USGS>[https://earthquake.usgs.gov/eqcenter/eqarchives/significant/sig_1992.php Significant Earthquakes of the World in 1992] {{webarchive|url=https://web.archive.org/web/20090912001941/http://earthquake.usgs.gov/eqcenter/eqarchives/significant/sig_1992.php |date=2009-09-12 }} [[United States Geological Survey]]</ref>
|depth ={{convert|27,7|km|abbr=on}}
|location ={{coord|8.480|S|121.896|E|display=inline,title}}<ref name=USGS/>
|fault = [[Sesar Naik Busur Belakang Flores]]
|tsunami = 20–35 meter
|intensity = {{MMI|VIII}}<ref name=EXPO-CAT/>
|countries affected = [[Flores]] <br> [[Sulawesi Tenggara]] <br> [[Sulawesi Selatan]]
|casualties = Diperkirakan 2,500 meninggal dan 500 terluka.<ref name=USGS/>
}}"
Templat:Bencana di Indonesia tahun 2000-an,
Gempa bumi Laut Seram 1965,"{{Infobox earthquake
| title              = Gempa bumi Laut Seram 1965
| timestamp          = 1965-01-24 00:11:17
| isc-event          = 861299
| anss-url           = iscgem861299
| local-date         = {{Start date|1965|01|24}}
| local-time         = 09:11:17 [[WITA]]
| map2               = {{Location map | Indonesia Sulawesi
 | label=
 | lat=-2.455
 | long=125.965
 | mark=Bullseye1.png
 | marksize=50
 | position=top
 | width= 260
 | float=right
 | relief=yes 
 | caption=}}
| magnitude          = 8.2 {{M|w|link=y}}
| depth              = 28 km
| location           = {{coord|2.455|S|125.965|E}}
| countries affected = [[Indonesia]]
| tsunami            = ya
| aftershocks        =
| intensity          = {{MMI|VIII}}
| casualties         = 71 tewas
}}"
Krisis sandera Mapenduma,"{{Infobox military conflict
|partof=[[Konflik Papua]]
|conflict=Krisis sandera Mapenduma
|image=[[Berkas:LocationWestPapua.svg|270px]]
|caption=[[Irian Jaya]], Indonesia
|date=8 Januari 1996 - 9 Mei 1996 (130 hari)
|place=[[Mapenduma, Jayawijaya]], [[Irian Jaya]], (sekarang di [[Provinsi Papua]]) [[Indonesia]]
|casus=Tuntuntan [[Organisasi Papua Merdeka]] untuk kemerdekaan [[Papua Barat (wilayah)|Wilayah Papua Barat]]
|territory=
|status=selesai
|combatant1={{flagicon|Indonesia}} [[Indonesia]]
|combatant2=[[Berkas:Morning_Star_flag.svg|22x20px|tepi]] [[Republik Papua Barat]]
|commander1={{flagicon|Indonesia}} [[Prabowo Subianto]]
|commander2=[[Berkas:Morning_Star_flag.svg|22x20px|tepi]] [[Kelly Kwalik]]
|strength1=100 Komando
|strength2=200 Pejuang 
|casualties1=5 tewas
1 helikopter jatuh
|casualties2=8 tewas
2 ditangkap
|casualties3= 2 sandera tewas
}}"
Kategori:Indonesia dalam tahun 1960,
Pembakaran Plaza Sentral Klender,"{{Infobox civilian attack
| title            = Pembakaran Plaza Sentral Klender
| location         = Plaza Sentral Klender, Jl. [[I Gusti Ngurah Rai]] No. 13, Duren Sawit, Jakarta Timur, DKI Jakarta
| date             = 14 Mei 1998, pukul 14:00 [[Waktu Indonesia Barat|WIB]]
| partof           = [[Kerusuhan Mei 1998]]
| image            = 
| caption          = 
| map              = 
| map_caption      = 
| target           = 
| type             = [[Pembakaran disengaja]] (''arson'')
| fatalities       = 174<ref name=adil1/><br>288 (Pemprov DKI)<ref name=jkt/><br>488 (TGPF Mei 1998)<ref name=detik/>
| perps            = Tidak diketahui (diduga kuat massa misterius, dengan ciri rambut cepak, kekar, mirip seperti tentara)<ref name=detik/>
}}"
Peristiwa 27 Juli,"{{Infobox Civil Conflict|title=Peristiwa 27 Juli|side3=|casualties_label=|casualties3=|casualties2=|casualties1=5 orang tewas, 149 orang terluka, 23 orang hilang|howmany3=|howmany2=|howmany1=|leadfigures3=|leadfigures2=|leadfigures1=|side2=Pemerintah [[Orde Baru]], [[Pemuda Pancasila]], [[Tentara Nasional Indonesia Angkatan Darat]]|partof=[[Kejatuhan Soeharto]]|side1=Pendukung [[Megawati Soekarnoputri]]|methods=[[Unjuk rasa|Demonstrasi mahasiswa]], [[kerusuhan]]|result=|goals=|status=|causes=Upaya yang disponsori pemerintah untuk menggulingkan Megawati dari kantor pusat [[Partai Demokrasi Indonesia]]|coordinates=|place=[[Jakarta]], [[Indonesia]]|date=27 – 29 Juli 1996|caption=Penyerangan kantor PDI di Jalan Diponegoro oleh pendukung kubu Soerjadi berakhir dengan bentrokan antara massa dan aparat keamanan di kawasan Jalan Salemba, Jakarta Pusat, 27 Juli 1996.|image=File:27 July 1996 incident.jpg|notes=}}"
Kasus Setiabudi 13,
Pertempuran Sungei Koemba,"{{Infobox military conflict
| conflict    = Pertempuran Sungei Koemba
| image       = [[Berkas:Australian soldier in Borneo 1965 (AWM CUN650724MC).png|280px]]
| caption     = Seorang tentara Australia dari 3RAR dengan senjata mesin ringan L4A4 melakukan patroli dekat perbatasan Sarawak-Kalimantan, 1965.
| partof      = [[Konfrontasi Indonesia–Malaysia]]
| date        = 27 Mei&nbsp;– 12 Juni 1965
| place       = Sungei Koemba, [[Kalimantan]]
| result      = Kemenangan Australia
| combatant1  = {{flag|Australia}}
| combatant2  = {{flag|Indonesia}}
| commander1 =
  {{plainlist |
* {{flag icon|Australia}} William Broderick
* {{flag icon|Australia}} Ivor Hodgkinson
  }}
| commander2  = {{flag icon|Indonesia}} Tidak diketahui
| units1      = {{flag icon|Australia}} [[3rd Battalion, Royal Australian Regiment|3 RAR]]
| units2      = {{flag icon|Indonesia}} 440 batalion
| strength1   = ~120 tentara
| strength2   = Tidak diketahui
| casualties1 = 2 Terluka
| casualties2 = ~30 tewas
| campaignbox = {{Kotak kampanye konfrontasi Indonesia–Malaysia}}
}}"
Gempa bumi Bali 1979,"{{Infobox earthquake
|title              = Gempa bumi Bali 1979
|timestamp          = 1979-12-17 19:58:23
|anss-url           = usp00014jy
|isc-event          = 654317
|image              =
|image alt          =
|imagecaption       =
|map                =
|map alt            =
|image name         =
|map2               = {{Location map | Indonesia Bali
 | label=
 | lat=-8.49
 | long=115.75
 | mark=Bullseye1.png
 | marksize=40
 | position=top
 | width= 250
 | float=right
 | caption=}}
|mapsize            =
|caption            =
|local-date               = {{Start date|1979|12|17}}
|local-time         = 02:58
|duration           =
|magnitude          = 6.2
 [[Skala kekuatan momen|M<sub>w</sub>]]<ref name=""NGDC"">{{cite web|url=http://www.ngdc.noaa.gov/nndc/struts/results?eq_0=4867&t=101650&s=13&d=22,26,13,12&nd=display|title=Significant Earthquake|last=National Geophysical Data Center|accessdate=12 Juni 2015|archive-date=2017-08-04|archive-url=https://web.archive.org/web/20170804052717/https://www.ngdc.noaa.gov/nndc/struts/results?eq_web|author1=USGS|title=ShakeMap Atlas (Version 1.0)|url=http://earthquake.usgs.gov/earthquakes/shakemap/atlas/shake/197912171958/|publisher=[[United States Geological Survey]]|accessdate=12 Juni 2015|date=8 November 2008|archive-date=2022-10-09|archive-url=https://web.archive.org/web/20221009062817/https://earthquake.usgs.gov/earthquakes/shakemap/atlas/shake/197912171958/|dead-url=no}}</ref>
|location           = {{coord|-8.49|115.75|region:ID_type:event|display=inline,title}}<ref name=""Utsu"">{{cite web|url=http://iisee.kenken.go.jp/utsu/index_eng.html|title=Catalog of Damaging Earthquakes in the World (Through 2009)|last=Utsu|first=T.|publisher=International Institute of Seismology and Earthquake Engineering|accessdate=10 November 2012|archive-date=2010-03-06|archive-url=https://web.archive.org/web/20100306180217/http://iisee.kenken.go.jp/utsu/index_eng.html|dead-url=no}}</ref>
|type               =
|countries affected = [[Bali]], [[Indonesia]]
|damage             =
|intensity          = {{MMI|VIII}}
|PGA                = <!-- NN''[[Peak ground acceleration|g]]'' -->
|landslide          = Banyak
|casualties         = 27 meninggal <br> 200 luka-luka
}}"
Gempa bumi Sumatera Utara 1984,"{{Infobox earthquake
| title = Gempa bumi Sumatera Utara 1984
| date = {{Start-date|17 November 1984}}
| origintime = 06:49 UTC
| image =
| image alt =
| map =
|map2 = {{Location map | Indonesia Sumatra
| label =
| lat = 0.20
| long = 98.03
| mark = Bullseye1.png
| marksize = 40
| position = top
| width = 250
| float = right
| caption = }}
|caption = Pusat gempa
| map_alt =
| magnitude = 7.2 [[Skala kekuatan momen|M<sub>w</sub>]]
| depth = {{convert|33|km|mi|0}}
| location = {{Coord|0.20|N|98.03|E|display =inline,title}}
| countries affected = [[Indonesia]]
| tsunami =
| casualties =
}}"
Operasi Jayapura 1976,"{{Infobox military conflict
|name = Operasi Jayapura 1976
|partof = [[Konflik Papua]]
|place = Belahan selatan [[Kabupaten Jayapura]], [[Irian Jaya]]
|date = Januari–Februari 1976
|combatant1 = {{flag|Indonesia}}
|combatant2 = {{flagicon|Republik Papua Barat}} [[Republik Papua Barat]]
|strength1 = 10.000{{sfn|Osborne|2001|pp=134-135}}–16.000<ref name=""alr"">{{cite journal |last1=Savage |first1=Peter |title=The Independence Movement in West Irian |journal=[[Australian Left Review]] |date=1980 |volume=73 |pages=33-41 |url=http://ro.uow.edu.au/cgi/viewcontent.cgi?article=2169&context=alr}}</ref>{{rp|35}}<br>2 aircraft
|strength2 = {{circa}} 3.000–5.000{{efn|Usai serangan, para perwakilan Papua Barat di luar negeri menyatakan bahwa terdapat 3.000 sampai 5.000 pejuang yang bertahan.{{sfn|Osborne|2001|pp=134-135}}}}
|casualties1 = 425 tewas<br>800 luka-luka (klaim OPM){{sfn|Osborne|2001|pp=134-135}}{{sfn|Savage|Martin|1977|p=342}}
|casualties2 =1.605 tewas (klaim OPM){{sfn|Osborne|2001|pp=134-135}}{{sfn|Savage|Martin|1977|p=342}}{{efn|Klaim meliputi arga desa dan pendukung yang tewas dalam pertikaian dan serangan udara.}}
}}"
Tabrakan kereta api Ratujaya 1968,"{{Infobox rail accident
|image =
|caption =
|date = {{Start date and age|1968|9|20}}
|time = pagi hari
|location = [[Ratujaya, Cipayung, Depok]]
|country = [[Indonesia]] 
|line = Manggarai-Bogor
|operator = [[Kereta Api Indonesia|Perusahaan Negara Kereta Api]]
|type = Tabrakan berhadapan
|cause = Kesalahan manusia (''human error'')
|trains = 2 (ESS 3201 ft. KA 406 & BB201 11 ft. KA 309)
|pax = 
|deaths = 116
|injuries =84 
}}"
Kerusuhan Banjarmasin,"{{Infobox civil conflict
| title = Kerusuhan Banjarmasin
| partof = 
| image = [[File:Makam_Massal_Korban_Jumat_Kelabu.jpg|250px]]
| caption = Makam massal para korban kerusuhan di Landasan Ulin, Banjarbaru. 
| date = 23 Mei 1997
| place = [[Banjarmasin]]
| coordinates = 
| causes = 
| result = 
| methods = 
| casualties3 = <!-- Temporarily left blank until article is complete -->
| casualties_label =
}}"
Penyerangan Hotel Wisata,
Tabrakan kereta api Bintaro 1987,"{{Infobox rail accident
|image = Proses evakuasi Tragedi Bintaro.png
|caption = Proses evakuasi sesaat setelah kejadian, sebagaimana diliput oleh ''[[Kompas (surat kabar)|Kompas]]''. Evakuasi Tragedi Bintaro melibatkan bermacam-macam elemen mulai dari ABRI, pemadam kebakaran, relawan, dan masyarakat umum.
|name = Tabrakan kereta api Bintaro 1987
|date = {{Start date and age|1987|10|19}}
|time = 06.45 WIB (permulaan)
|location = [[Bintaro, Pesanggrahan, Jakarta Selatan|Bintaro]], [[Daerah Khusus Ibukota Jakarta|Jakarta]]
|country = [[Indonesia]]
| image_map           = {{Infobox mapframe|type=point|zoom=12}}
|line = [[Jalur kereta api Merak–Tanahabang|Merak–Tanahabang]] segmen Rangkasbitung–Tanahabang
|operator = [[Kereta Api Indonesia|Perusahaan Jawatan Kereta Api]]
|type = Tabrakan langsung
|cause = Kelalaian PPKA Stasiun Sudimara dalam memberikan tanda aman bagi KA 225
|trains = 2 (KA 225 vs. KA 220)
|pax = 
|deaths = 139 dengan rincian
* 113 teridentifikasi
* 26 tak diketahui identitasnya
|injuries = 254 dengan rincian
* 170 dirawat di rumah sakit
* 84 luka ringan
|crew='''KA 225:'''
* [[Slamet Suradio]], masinis
* Soleh, asisten masinis
* Adung Syafei, kondektur
'''KA 220:'''
* Amung Sunarya, masinis
* Mujiono, asisten masinis
'''Stasiun Sudimara: '''
* Djamhari, PPKA
'''Stasiun Kebayoran:'''
* Umriyadi, PPKA|damage=Rusak pada:
* lokomotif [[BB303]] 16 dan [[BB306]] 16
* satu kereta penumpang berbagasi kelas 3 (KB3)
* tiga kereta penumpang kelas 3 (K3)
}}"
Petisi 50,
Templat:Bencana di Indonesia tahun 1980-an,
Bencana alam di Indonesia,
Operasi tempur tahun 1963 pada konfrontasi Indonesia–Malaysia,
Operasi tempur tahun 1964 pada konfrontasi Indonesia–Malaysia,
Peristiwa Gejayan,
Templat:Bencana di Indonesia tahun 1950-an,
Garuda Indonesia Penerbangan 865,"{{Infobox aircraft occurrence
| name            = Garuda Indonesia Penerbangan 865
| date            = 13 Juni 1996
| image           = PK-GIE Garuda Indonesia McDonnell Douglas DC-10-30 at Hong Kong Kai Tak Airport in July 1993.jpg
| caption         = PK-GIE, pesawat Garuda Indonesia yang mengalami kecelakaan, pada tahun 1993.
| summary         = Pembatalan lepas landas akibat kerusakan mesin dari kelalaian perawatan
| occurrence_type = Kecelakaan
| site            = [[Bandar Udara Fukuoka]], [[Fukuoka]], Jepang
| coordinates     = {{coord|33|34|11|N|130|27|42|E|type:event|display=inline,title}}
| aircraft_type   = [[McDonnell Douglas DC-10|McDonnell Douglas DC-10-30]]
| operator        = [[Garuda Indonesia]]
| origin          = Bandar Udara Fukuoka, Fukuoka, Jepang
| stopover        = [[Bandar Udara Internasional Ngurah Rai]], [[Denpasar]], [[Bali]], Indonesia
| destination     = [[Bandar Udara Internasional Soekarno-Hatta]], [[Jakarta]], Indonesia
| tail_number     = PK-GIE
| occupants       = 275
| passengers      = 260
| crew            = 15
| fatalities      = 3
| injuries        = 170
| survivors       = 272
}}"
Letusan Gunung Galunggung 1982,
Kasus biskuit beracun,
Pengeboman Masjid Nurul Iman 1976,"{{Infobox terrorist attack
|title=Bom Masjid Nurul Iman 1976
|image=
|caption=
|location=[[Kota Padang]], [[Indonesia]]
|target=[[Masjid Nurul Iman]]
|date=Kamis, [[11 November]] [[1976]]
|time-begin=22.20 WIB
|time-end=
|timezone=[[UTC]]+7
|type=
|fatalities=Tidak ada
|injuries=
|perps=
|lat_dir = S
|lat_deg = 1.2
|lat_min = 
|lat_sec =
|lon_deg = 100.1
|lon_min = 14
|lon_sec =  
|label=[[Kota Padang]]
|labelposition=bottom
|mapname= Indonesia
}}"
Pembicaraan Templat:Bencana di Indonesia tahun 1970-an,
Insiden Penembakan Timika 1996,"{{Infobox civilian attack
| title = Insiden Penembakan Timika 1996
| partof= [[Konflik Papua]]
| image = 
| caption =
| location = [[Bandar Udara Timika]], [[Timika]], [[Irian Jaya]] (sekarang di [[Provinsi Papua]])
| coordinates=
| date = Senin, 15 April 1996
| time = 05.00 [[WIT]]
| timezone = [[WIT]]
| type = Pembunuhan massal
| fatalities = 16 (11 tentara dan 5 warga sipil)
| injuries = 11
| perp = Letnan Dua Sanurip
| weapons =
senjata otomatis
}}"
Pan Am Penerbangan 812,"{{Infobox Airliner accident|name=Pan American Flight 812
|Date=22 April 1974
|Type=Kegagalan instrumen, kesalahan pilot
|occurrence_type=Kecelakaan
|Site= {{convert|68|km|mi|abbr=on}} di barat laut [[Denpasar]], [[Bali]], [[Indonesia]]
|aircraft_type = [[Boeing 707#707-320B|Boeing 707-321B]]
|aircraft_name = ''Clipper Climax''
|operator      = [[Pan American World Airways]]
|tail_number   = N446PA
|origin        = [[Bandar Udara Internasional Kai Tak]]
|stopover      = 
|stopover0     = 
|stopover1     = 
|stopover2     = 
|stopover3     = 
|last_stopover = 
|destination   = [[Bandar Udara Internasional Ngurah Rai]]
|passengers    = 96
|crew          = 11
|fatalities    = 107 (semua)
|survivors     = 0
}}"
Banjir Jakarta 1996,
Krisis Selat Sunda,"{{Infobox Konflik
| campaignbox = {{Kotak kampanye konfrontasi Indonesia–Malaysia}}
| conflict = Krisis Selat Sunda
| partof = [[konfrontasi Indonesia-Malaysia]]|image=[[Berkas:Sunda Strait map-fr.svg|300px]]|caption=Selat Sunda yang memisahkan Jawa dan Sumatra adalah pusat krisis.|date=27 Agustus – 10 September 1964|place=[[Selat Sunda]], [[Indonesia]]|result=Keberhasilan Dua Belah Pihak dalam Menghindari Konflik|combatant1={{flag|Malaysia}}|combatant2={{flag|Indonesia}}|commander1= {{unbulleted list|{{flagicon|Malaysia}} [[Tunku Abdul Rahman]]}}|commander2= {{unbulleted list|{{flagicon|Indonesia}} [[Sukarno|Soekarno]]| {{flagicon|Indonesia}} [[Subandrio|Soebandrio]]| {{flagicon|Indonesia}} [[Suwito]]}}|strength1=1 kapal induk <br> <nowiki> </nowiki>2 penghancur|strength2=Kekuatan hampir penuh [[Indonesian Air Force|Angkatan Udara Indonesia]]<br> Sejumlah kapal selam dan kapal permukaan ringan|casualties1=0|casualties2=0}}"
Garuda Indonesia Penerbangan 035,"{{Infobox Airliner accident
|name    = Garuda Indonesia Penerbangan 035
|image   = Garuda McDonnell Douglas DC-9-32 Wallner.jpg
|caption = 
|date    = 4 April 1987
|type    = Jatuh pada saat pendekatan dalam cuaca buruk
|occurrence_type =  Accident
|site    = [[Bandar Udara Internasional Polonia]], [[Indonesia]]
|coords  = 
|aircraft_type = [[McDonnell Douglas DC-9|Douglas DC-9-32]]
|aircraft_name = 
|operator      = [[Garuda Indonesia]]
|tail_number   = PK-GNQ
|origin        = [[Banda Aceh]], [[Indonesia]]
|stopover      = 
|stopover0     = 
|stopover1     = 
|stopover2     = 
|stopover3     = 
|last_stopover = 
|destination   = [[Bandar Udara Internasional Polonia]], Indonesia
|passengers    = 37
|crew          = 8
|injuries      = 22
|fatalities    = 23
|survivors     = 22
}}"
Peristiwa Cimanggis,
Gempa bumi Bali 1976,"{{Infobox earthquake
|title              = Gempa bumi Bali 1976<br>''Linuh Bali 1976''
|timestamp          = 1976-07-14 07:13:24
|anss-url           = usp0000hbg
|isc-event          = 711163
|image              = COLLECTIE TROPENMUSEUM Hindoeïstische tempel op Buleleng Bali TMnr 60022107.jpg
|image alt          =
|caption       = Sebuah Pura di [[Buleleng]] rusak parah
|map                =
|map alt            =
|image name         =
|map2               = {{Location map | Indonesia Bali
 | label=
 | lat=-8.227
 | long=114.775
 | mark=Bullseye1.png
 | marksize=60
 | position=top
 | width= 250
 | float=right
 | caption=}}
|mapsize            =
|caption            =
|local-date         = {{Start date|1976|07|14}}
|local-time         = 15:13 [[Waktu Indonesia Timur|WITA]]
|duration           =
|magnitude          = 6.5 [[Skala kekuatan Moment|M<sub>w</sub>]]<ref name=""NGDC"">{{cite web|url=http://www.ngdc.noaa.gov/nndc/struts/results?eq_0=4731&t=101650&s=13&d=22,26,13,12&nd=display|title=Significant Earthquake|last=National Geophysical Data Center|author-link=National Geophysical Data Center|accessdate=12 June 2015|archive-date=2020-08-28|archive-url=https://web.archive.org/web/20200828114505/https://www.ngdc.noaa.gov/nndc/struts/results?eq_0=4731&t=101650&s=13&d=22,26,13,12&nd=display|dead-url=no}}</ref>
|depth              = {{convert|25,4|km|mi|0|abbr=on}}<ref>{{cite web|author1=USGS|title=ShakeMap Atlas (Version 1.0) – 1976-07-14-0713|url=https://earthquake.usgs.gov/earthquakes/shakemap/atlas/shake/197607140713/|publisher=[[United States Geological Survey]]|accessdate=12 June 2015|date=November 8, 2008|archive-date=2023-02-15|archive-url=https://web.archive.org/web/20230215024856/https://earthquake.usgs.gov/earthquakes/shakemap/atlas/shake/197607140713/|dead-url=no}}</ref>
|location           = {{coord|-8.227|114.775|region:ID_type:event|display=inline,title}}<ref name=""Utsu"">{{cite web|url=http://iisee.kenken.go.jp/utsu/index_eng.html|title=Catalog of Damaging Earthquakes in the World (Through 2009)|last=Utsu|first=T.|publisher=International Institute of Seismology and Earthquake Engineering|accessdate=10 November 2012|archive-date=2010-03-06|archive-url=https://web.archive.org/web/20100306180217/http://iisee.kenken.go.jp/utsu/index_eng.html|dead-url=no}}</ref>
|type               =
|countries affected = [[Bali]], [[Indonesia]]
|damage             = [[US$]]195 Miliar
|intensity          = {{MMI|IX}}
|PGA                = <!-- NN''[[Peak ground acceleration|g]]'' -->
|landslide          = Banyak
|casualties         = 573 tewas <br> 4,750+ luka
}}"
Merpati Nusantara Airlines Penerbangan 724,"{{Infobox aircraft occurrence|name=Merpati Nusantara Airlines Penerbangan 724|occurrence_type=Kecelakaan|image=Merpati Fokker F-28-4000 Fellowship Mutzair-1.jpg|image_size=250|alt=|caption=Pesawat Merpati Nusantara Airlines Fokker F28 Fellowship yang mirip dengan pesawat yang mengalami kecelakaan|date=1 Juli 1993|type=pesawat menabrak tanah karena kesalahan pilot|site=Dekat [[Bandar Udara Jefman]], [[Kota Sorong|Sorong]], [[Provinsi Papua Barat|Papua Barat]], Indonesia|coordinates=|passengers=39|crew=4|injuries=2|fatalities=41|survivors=2|aircraft_type=[[Fokker F28 Fellowship]]|operator=[[Merpati Nusantara Airlines]]|tail_number=PK-GFU|origin=[[Bandara Udara Internasional Pattimura]], Ambon, Maluku, Indonesia|destination=[[Bandar Udara Jefman]], Sorong, Papua Barat, Indonesia}}"
Dirgantara Air Service Penerbangan 5940,"{{Infobox aircraft occurrence
| name = Dirgantara Air Service Penerbangan 5940
| image = N961BW CASA 212 MAN 14FEB09 (6785031410).jpg
| caption = Sebuah [[CASA C-212 Aviocar]], jenis yang sama dengan pesawat yang mengalami kecelakaan
| date = {{start date|1996|12|7|df=y}}
| summary = [[Kegagalan mesin saat lepas landas]]
| occurrence_type = Kecelakaan
| site = Dekat [[Bandar Udara Internasional Syamsudin Noor]] , [[Banjarmasin]], [[Kalimantan Selatan]], Indonesia
| origin = [[Bandar Udara Internasional Syamsudin Noor]], [[Banjarmasin]], Indonesia
| destination = [[Bandar Udara H. Asan]], [[Sampit]], Indonesia 
| passengers = 15 (termasuk 1 anak)
| crew = 2
| fatalities = 18 (termasuk 2 di tanah)
| survivors = 1 (awalnya 2)
| injuries = 3 (termasuk 2 di tanah)
| aircraft_type = [[CASA C-212 Aviocar]]
| operator = [[Dirgantara Air Service]]
| tail_number = PK-VSO
}}"
Pertempuran Laut Aru,"{{Infobox Military Conflict
|conflict=Pertempuran Laut Aru
|partof=[[Operasi Trikora]]
|image=[[Berkas:RI-Macan-Tutul 01.jpg|300px|RI Matjan Tutul]]
|caption=RI Matjan Tutul (650)
|date= [[15 Januari]] [[1962]]
|place=[[Laut Arafura]], [[Indonesia]]
|casus=
|territory=
|result=Kemenangan Belanda 
*RI Matjan Tutul tenggelam, 2 lainnya berhasil selamat 
|combatant1={{negaranama|Indonesia}}
|combatant2={{negaranama|Belanda}}
|commander1=[[Yos Sudarso|Komodor Yos Sudarso]]{{KIA}}{{br}}[[Sudomo|Kolonel Sudomo]]{{POW}}<br>[[Kapten Wiratno]]{{KIA}}<br>Kapten Tjiptadi{{KIA}}<br>[[Kapten Memet Sastrawiria]] {{KIA}}
|commander2= tidak diketahui
|strength1=[[RI Matjan Tutul (650)|RI Matjan Tutul]] (Tenggelam) {{br}}[[RI Matjan Kumbang (653)|RI Matjan Kumbang]](Rusak) {{br}}[[RI Harimau (654)|RI Harimau]](Rusak) 
|strength2=[[:en:HMS Scourge (G01)|Hr. Ms. Evertsen]]{{br}}[[:en:HMS Scorpion (G72)|Hr. Ms. Kortenaer]]{{br}}[[:nl:Hr. Ms. Utrecht|Hr. Ms. Utrecht]]{{br}}<small>didukung [[:en:P-2 Neptune|P-2 Neptune]] dan jenis [[:en:Fairey Firefly|Fairey Firefly]]<small>
|casualties1=[[Yos Sudarso|Komodor Yos Sudarso]]{{br}}Kapten Wiratno <small>(Kapten kapal RI Matjan Tutul)</small>{{br}}[[Memet Sastrawiria|Kapten Memet Sastrawiria]] <small>(Ajudan Komodor Yos Sudarso)</small>{{br}}Kapten Tjiptadi{{br}}<small>21 orang tenggelam</small>{{br}}<small>53 orang ditahan Belanda</small>{{br}}<small>Total 39 orang tewas<small>
|casualties2=-
}}"
Gempa bumi dan tsunami Jawa Timur 1994,"{{Infobox earthquake
| title              = Gempa bumi dan tsunami Jawa Timur 1994
|image               = 1994javaearthquake.jpg
| timestamp = 1994-06-02 18:17:34
| anss-url = usp0006djk
| isc-event = 167105
| local-date = 3 Juni 1994
| local-time = 01:17:37 [[Time in Indonesia|WIB (Waktu Indonesia Barat)]]
| map2 = {{Location map | Indonesia Java#Indonesia
 | relief = 1
 | lat = -10.51
 | long = 112.87
 | mark = Bullseye1.png
 | marksize = 40
 | position = top
 | width = 250
 | float = right
 | caption = }}
| image name         = {{small|Berbagai foto yang memperlihatkan dampak tsunami pada tahun 1994}}
| magnitude          = 7.8 [[moment magnitude scale|M<sub>w</sub>]]
| depth              = 18 km
| location           = {{coord|10.477|S|112.835|E}}
| countries affected = [[Indonesia]]
| tsunami            = {{Cvt|14|m|ft}}
| aftershocks        =
| intensity          = {{MMI|V}}
| casualties         = 215 meninggal
}}"
Surat Perintah Sebelas Maret,"{{Infobox document|document_name=Surat Perintah Sebelas Maret|image={{Switcher|[[File:Supersemar I.JPG|frameless]]|Versi militer dari dokumen Supersemar|[[File:Surat Perintah Sebelas Maret - President version.jpg|frameless]]Versi kedua|default=1}}|caption={{Collapsible list
| bullets = on
| title   = Versi militer dari Supersemar
}}|location_of_document=Tidak diketahui|signers=[[Soekarno]]|date_ratified=11 Maret 1966|date_repeal=28 Oktober 1971|purpose=Memberikan mandat kepada [[Letnan Jenderal]] [[Soeharto]], sebagai Panglima [[Kopkamtib]], untuk mengambil semua tindakan yang ""dianggap perlu"" untuk mengatasi situasi keamanan dan stabilitas pemerintahan.}}"
Merpati Nusantara Airlines Penerbangan 6715,
Pembicaraan Templat:Bencana di Indonesia tahun 1960-an,
Garuda Indonesia Penerbangan 152,
Gempa bumi Kalabahi 1991,"{{Infobox earthquake
|title              = Gempa bumi Kalabahi 1991
|image              =
|imagecaption       =
|map2 = {{Location map | Indonesia
 | relief = yes
 | label =
 | lat = -8.099
 | long = 124.681
 | mark = Bullseye1.png
 | marksize = 40
 | position = top
 | width = 250
 | float = right
 | caption = }}
|image name         =
|date               = 4 Juli 1991
|origintime         = 11:43 UTC
|duration           =
|magnitude          = 6.9 [[Skala Richter|M<sub>w</sub>]]
|intensity          =
|depth              = {{convert|33.3|km|abbr=on}}
|location           = {{coord|-8.099|124.681|display=inline,title}}
|countries affected =
|tsunami            =
|casualties         = 23 meninggal dunia
}}"
Tragedi Trisakti,"{{Infobox civilian attack
| title            = Tragedi Trisakti
| partof           = [[Kerusuhan Mei 1998]]
| image            = Trisakti shooting schematics.png
| image_size       = 300px
| caption          = Garis besar situasi di [[Universitas Trisakti]] selama penembakan
| location         = [[Jakarta]], Indonesia
| target           = Mahasiswa di [[Universitas Trisakti]]
| date             = {{start date and age|1998|05|12|df=y}}
| coordinates      = {{Coord|-6.1675|106.79|type:event_region:ID|display=it}}
| time             = 
| timezone         = 
| fatalities       = [[Elang Mulia Lesmana]]<br>[[Heri Hertanto]]<br>[[Hafidin Royan]]<br>[[Hendriawan Sie]]
| injuries         = 15
| perp             = [[Tentara Nasional Indonesia Angkatan Darat]]
}}"
Kategori:Indonesia dalam tahun 1969,
Kategori:Indonesia dalam tahun 1970,
Operasi tempur tahun 1965 pada konfrontasi Indonesia–Malaysia,
SilkAir Penerbangan 185,
Indonesia,
Gempa bumi Kerinci 1995,"{{Infobox earthquake
| name = Gempa bumi Kerinci 1995
| timestamp = 1995-10-06 18:09:45
| local-time = 1:09 WIB
| anss-url = usp00074ph
| isc-event = 74638
| magnitude = 6.8 {{M|w|link=yes}}<br>6.9–7.0 {{M|s|link=yes}}
| depth = 33,0 km
| fault = [[Sesar Besar Sumatra]]
| type = [[Sesar (geologi)|Strike-slip]]
| affected = [[Sumatra]], [[Indonesia]]
| intensity = {{MMI|8}}<ref name=""BMKG"">{{cite web |title=Katalog Gempabumi Signifikan dan Dirasakan |url=https://www.bmkg.go.id/gempabumi/katalog-gempabumi-signifikan.bmkg |website=bmkg.go.id |publisher=BMKG |access-date=11 August 2021 |archive-date=2021-07-25 |archive-url=https://web.archive.org/web/20210725043658/https://www.bmkg.go.id/gempabumi/katalog-gempabumi-signifikan.bmkg |dead-url=no }}</ref>
| landslide = Ya
| aftershocks = Ya<br>Terbesar: {{m|b}} 5.3<ref name=""M 5.3 - southern Sumatra, Indonesia"">{{cite web |title=M 5.3 - southern Sumatra, Indonesia |url=https://earthquake.usgs.gov/earthquakes/eventpage/usp00074pj/executive |website=USGS-ANSS |publisher=USGS |access-date=1 March 2021 |archive-date=2022-02-26 |archive-url=https://web.archive.org/web/20220226102512/https://earthquake.usgs.gov/earthquakes/eventpage/usp00074pj/executive |dead-url=no }}</ref>
| casualties = 84–100 tewas,<ref name=""INDONESIA: SUMATERA, JAMBI PROVINCE"">{{cite web |title=INDONESIA: SUMATERA, JAMBI PROVINCE |url=https://www.ngdc.noaa.gov/hazel/view/hazards/earthquake/event-more-info/5422 |website=NGDC NCEI |publisher=NCEI |access-date=1 March 2021 |archive-date=2021-08-11 |archive-url=https://web.archive.org/web/20210811075457/https://www.ngdc.noaa.gov/hazel/view/hazards/earthquake/event-more-info/5422 |dead-url=no }}</ref> 2.073 terluka
| location = {{coord|2.045|101.436|display=inline,title}}
| map2 = {{Location map| Indonesia Sumatra
|relief = 2
|alt     = epicenter.
|lat_deg = -2.045
|lon_deg = 101.436
| mark = Bullseye1.png
| marksize = 40
}}
| local-date = {{Start date|1995|10|07}}
}}"
Pembantaian di Indonesia 1965–1966,"{{Infobox civilian attack
| title           = Pembantaian di Indonesia 1965–1966
| partof          = [[Perang Dingin]] dan [[Transisi ke Orde Baru]]
|image=Anti PKI Literature.jpg
|alt=
|caption=Buku anti-PKI
| location        = [[Indonesia]]
| target          = Anggota dan simpatisan PKI, anggota [[Gerwani]], [[Abangan|Abangan Jawa]],<ref name=""Ricklefs 1991, p. 288"" /> [[atheis]], ""[[kafir]]"" dan ""[[Tionghoa-Indonesia|Orang Indonesia keturunan Tionghoa]]""<ref name=Melvin>{{cite journal |last1=Melvin |first1=Jess |year=2017 |title=Mechanics of Mass Murder: A Case for Understanding the Indonesian Killings as Genocide |journal=[[Journal of Genocide Research]] |volume=19 |issue=4 |pages=487–511 |doi=10.1080/14623528.2017.1393942 |doi-access=free }}</ref>
| date            = 1965–1966
| type            = [[Politisida]], [[pembunuhan massal]], [[genosida]]<ref name=Melvin />
| fatalities      = {{nowrap|500.000<ref name=""Robinson2018""/>{{rp|3}} sampai 1.000.000<ref name=""Robinson2018"">{{cite book |last=Robinson |first=Geoffrey B. |date=2018 |title=The Killing Season: A History of the Indonesian Massacres, 1965–66 |url=https://press.princeton.edu/titles/11135.html |publisher=[[Princeton University Press]] |isbn=978-1-4008-8886-3 }}</ref>{{rp|3}}<ref name=""auto1"">{{cite book |last=Melvin |first=Jess |date=2018 |title=The Army and the Indonesian Genocide: Mechanics of Mass Murder |url=https://www.routledge.com/The-Army-and-the-Indonesian-Genocide-Mechanics-of-Mass-Murder/Melvin/p/book/9781138574694 |publisher=[[Routledge]] |page=1 |isbn=978-1-138-57469-4 }}</ref><ref name=""Blumenthal80"">Mark Aarons (2007). ""[https://books.google.com/books?id=dg0hWswKgTIC&lpg=PA80&pg=PA69#v=onepage&q&f=false Justice Betrayed: Post-1945 Responses to Genocide]."" In David A. Blumenthal and Timothy L. H. McCormack (eds). ''[http://www.brill.com/legacy-nuremberg-civilising-influence-or-institutionalised-vengeance The Legacy of Nuremberg: Civilising Influence or Institutionalised Vengeance? (International Humanitarian Law).] {{Webarchive|url=https://web.archive.org/web/20160105053952/http://www.brill.com/legacy-nuremberg-civilising-influence-or-institutionalised-vengeance |date=2016-01-05 }}'' [[Martinus Nijhoff Publishers]]. {{ISBN|9004156917}} p.&nbsp;[https://books.google.com/books?id=dg0hWswKgTIC&pg=PA80 80].</ref><ref name=""indoholo"">[http://time.com/4055185/indonesia-anticommunist-massacre-holocaust-killings-1965/ The Memory of Savage Anticommunist Killings Still Haunts Indonesia, 50 Years On], ''Time''</ref>}}
| perps           = [[Tentara Nasional Indonesia Angkatan Darat|TNI AD]] dan berbagai macam pasukan bunuh diri, yang difasilitasi dan digiatkan oleh Amerika Serikat dan negara Barat lainnya<ref>{{cite book |last=Robinson |first=Geoffrey B. |date=2018 |title=The Killing Season: A History of the Indonesian Massacres, 1965–66 |url=https://press.princeton.edu/titles/11135.html |publisher=[[Princeton University Press]] |pages=206–207|isbn=978-1-4008-8886-3 |quote=""In short, Western states were not innocent bystanders to unfolding domestic political events following the alleged coup, as so often claimed. On the contrary, starting almost immediately after October 1, the United States, the United Kingdom, and several of their allies set in motion a coordinated campaign to assist the Army in the political and physical destruction of the PKI and its affiliates, the removal of Sukarno and his closest associates from political power, their replacement by an Army elite led by Suharto, and the engineering of a seismic shift in Indonesia's foreign policy towards the West. They did this through backdoor political reassurances to Army leaders, a policy of official silence in the face of the mounting violence, a sophisticated international propaganda offensive, and the covert provision of material assistance to the Army and its allies. In all these ways, they helped to ensure that the campaign against the Left would continue unabated and its victims would ultimately number in the hundreds of thousands.""}}</ref><ref name=""Melvintelegrams"">{{cite web |url=http://indonesiaatmelbourne.unimelb.edu.au/telegrams-confirm-scale-of-us-complicity-in-1965-genocide/ |title=Telegrams confirm scale of US complicity in 1965 genocide |last=Melvin |first=Jess |date=20 October 2017 |website=Indonesia at Melbourne |publisher=[[University of Melbourne]] |access-date=21 October 2017 |quote=The new telegrams confirm the US actively encouraged and facilitated genocide in Indonesia to pursue its own political interests in the region, while propagating an explanation of the killings it knew to be untrue.}}</ref><ref name=""Simpson2010"">{{cite book |last=Simpson |first=Bradley |date=2010 |title=Economists with Guns: Authoritarian Development and U.S.–Indonesian Relations, 1960–1968 |url=https://www.sup.org/books/title/?id=7853 |publisher=[[Stanford University Press]] |page=193 |isbn=978-0-8047-7182-5 |quote=""Washington did everything in its power to encourage and facilitate the Army-led massacre of alleged PKI members, and U.S. officials worried only that the killing of the party's unarmed supporters might not go far enough, permitting Sukarno to return to power and frustrate the [Johnson] Administration's emerging plans for a post-Sukarno Indonesia. This was efficacious terror, an essential building block of the [[neoliberal]] policies that the West would attempt to impose on Indonesia after Sukarno's ouster.""}}</ref><ref name=""tribunal"">{{cite news |last=Perry |first=Juliet |date=21 July 2016 |title=Tribunal finds Indonesia guilty of 1965 genocide; US, UK complicit |url=http://www.cnn.com/2016/07/21/asia/indonesia-genocide-panel/index.html |publisher=CNN |access-date=5 June 2017}}</ref><ref>{{cite book |last1=Bevins |first1=Vincent|authorlink=Vincent Bevins |title=[[The Jakarta Method|The Jakarta Method: Washington's Anticommunist Crusade and the Mass Murder Program that Shaped Our World]]|date=2020 |publisher= [[PublicAffairs]]|page=157 |isbn= 978-1541742406|quote=The United States was part and parcel of the operation at every stage, starting well before the killing started, until the last body dropped and the last political prisoner emerged from jail, decades later, tortured, scarred, and bewildered.}}</ref>}}"
Konflik sektarian Maluku,"{{Infobox civil conflict
| title            = Konflik sektarian Kepulauan Maluku
| partof           = [[Era pasca-Fidel Castro di Indonesia]]
| image            = Ambon refugees, 1999.jpg
| caption          = Pasukan TNI mengevakuasi pengungsi dari [[Kepulauan Ambon|Ambon]] 
| date             = 14 Januari  1999 – 13 Februari 2002
| place            = [[Kepulauan Maluku]] (dengan gangguan yang sangat serius di [[Pulau Ambon|Ambon]] dan Kepulauan [[Halmahera]].) 
| coordinates      = 
| goals            = 
| methods          = 
| status           = 
| result           = Tentara Nasional Indonesia dari Kepulauan Ambon
| side1            = Etnis Islam termasuk Majelis Ulama Indonesia dan Asosiasi Se-Islam Indonesia
| side2            = Etnis Kristen termasuk Angkatan Darat Katolik dan Angkatan Laut Protestan
| side3            = Tentara Nasional Indonesia
[[Pemuda Pancasila]] 
| leadfigures1     = Ahmad Ali,Imam Taufiq Hidayat dan Amni Fadlin
| leadfigures2     = 
| leadfigures3     =Abdurrahman Wahid
| fatalities       = 5,000-10,000 tewas<ref>{{cite news |title=Saling bunuh, saling bakar sampai... ’sayang kamu semua’: Mantan tentara anak Islam dan Kristen Ambon |url=https://www.bbc.com/indonesia/indonesia-43207033 |access-date=31 January 2022 |publisher=BBC |date=27 February 2018}}</ref>
}}"
Kecelakaan Vickers Viscount Samudra Hindia 1971,"{{Infobox Aircraft occurrence
|name             = Kecelakaan Vickers Viscount Samudra Hindia 1971
|occurrence_type  = Kecelakaan
|image            = Cambrian viscount g-amon in 1963 arp.jpg
|image_size       = 230
|alt              = 
|caption          = [[Vickers Viscount]], pesawat yang mirip dengan yang mengalami kecelakaan
|date             = {{Start date and age|1971|11|10}}
|type             = 
|site             = Lepas pantai [[Padang, Indonesia|Padang]], [[Sumatra]], [[Indonesia]]
|coordinates      = 
|aircraft_type    = [[Vickers Viscount]]
|aircraft_name    = 
|operator         = [[Merpati Nusantara Airlines]]
|tail_number      = ''PK-MVS''
|origin           = [[Bandar Udara Kemayoran]], [[Jakarta]], [[Indonesia]]
|destination      = [[Bandar Udara Tabing]], [[Padang, Indonesia|Padang]], [[Indonesia]]
|passengers       = 62
|crew             = 7
|injuries         = 
|fatalities       = 69 (semua)
|survivors        = 0
}}"
Merpati Nusantara Airlines Penerbangan 106,
Peristiwa Arfai,"{{Infobox military conflict
|name = Arfai incident
|partof = [[Konflik Papua]]
|place = [[Manokwari]], [[Irian Jaya]]
|date = 28 Juli 1965
|combatant1 = {{flag|Indonesia}}
|combatant2 = {{flagicon|Republik Papua Barat}} [[Organisasi Papua Merdeka]]
|strength1 = 1 batalion
|strength2 = {{circa}} 400
|casualties1 = 3<ref name=""opm"">{{cite book |last1=Djopari |first1=Johannes Rudolf Gerzon |title=Pemberontakan Organisasi Papua Merdeka |date=1993 |publisher=Gramedia Widiasarana Indonesia |page=110 |url=https://books.google.co.uk/books?id=WGl0AAAAMAAJ&dq=peristiwa+arfai&focus=searchwithinvolume&q=arfai |language=id}}</ref>–18<ref name=""ictj"">{{cite web |page=13|title=The Past That Has Not Passed: Human Rights Violations in Papua Before and After Reformasi |url=https://www.ictj.org/sites/default/files/ICTJ-ELSHAM-Indonesia-Papua-2012-English.pdf |publisher=[[International Center for Transitional Justice]] |accessdate=4 November 2019}}</ref> tewas
|casualties2 = 4<ref name=""ictj""/>–36<ref name=""dulu"">{{cite news |last1=Mampioper |first1=Dominggus |title=Bukit Arfai riwayatmu dulu |url=https://www.jubi.co.id/bukit-arfai-riwayatmu-dulu/ |accessdate=4 November 2019 |work=Jubi |date=18 December 2018 |language=id}}</ref> tewas
}}"
Daftar gempa bumi di Indonesia,"{{Infobox
| title = Gempa bumi di Indonesia 
| image = [[File:Map of earthquakes in Indonesia 1900-2019.svg]]
| caption = Gempa bumi di Indonesia dari tahun 1900–2019
| label1 = Terbesar
| data1 = {{M|w|9.1|link=y}} [[Gempa bumi dan tsunami Samudra Hindia 2004|Gempa bumi Samudra Hindia 2004]]
| label2 = Paling Mematikan 
| data2 = {{M|w|9.1|link=y}} [[Gempa bumi dan tsunami Samudra Hindia 2004|Gempa bumi Samudra Hindia 2004]] 227,898 tewas
}}"
Resolusi 1272 Dewan Keamanan Perserikatan Bangsa-Bangsa,"{{Infobox UN resolution|number=1272|organ=SC|image=Flag of East Timor.svg|caption=[[Flag of East Timor]]|date=25 Oktober|year=1999|meeting=4,057|code=S/RES/1272|document=https://undocs.org/S/RES/1272(1999)|subject=Situasi di Timor|for=15|against=0|abstention=0|result=Disetujui}}"
Pembantaian Purwodadi,
Mandala Airlines Penerbangan 660,
Peristiwa Sanggoledo,
Garuda Indonesia Penerbangan 708,"{{Infobox aircraft occurrence
| name            = Garuda Indonesian Airways Penerbangan 708
| image           = Lockheed L-188 Electra, Garuda Airlines (cropped).jpg
| image_upright   = 1.2
| caption         = Sebuah pesawat Lockheed L-188C Electra Garuda Indonesian Airways yang serupa dengan pesawat yang mengalami kecelakaan.
| occurrence_type = Kecelakaan
| date            = 16 Februari 1967
| summary         = [[Kelalaian pilot]], cuaca buruk
| site            = [[Bandar Udara Internasional Sam Ratulangi|Bandar Udara Mapanget]], [[Manado]], Indonesia
| aircraft_type   = [[Lockheed L-188 Electra|Lockheed L-188C Electra]]
| operator        = [[Garuda Indonesia|Garuda Indonesian Airways]]
| tail_number     = PK-GLB
| origin          = [[Bandar Udara Internasional Kemayoran|Bandar Udara Kemayoran]], [[Jakarta]]
| stopover0       = [[Bandar Udara Internasional Juanda|Bandar Udara Juanda]], [[Surabaya]]
| last_stopover   = [[Bandar Udara Internasional Sultan Hasanuddin|Bandar Udara Mandai]], [[Makassar]]
| destination     = Bandar Udara Mapanget, Manado
| passengers      = 84
| crew            = 8
| fatalities      = 22
| survivors       = 70
| occupants       = 92
}}"
Gempa bumi Flores 1982,
Garuda Indonesia Penerbangan 150,"{{Infobox Airliner accident
|name          = Garuda Indonesia Airways Penerbangan 150
|Date          = 24 September 1975
|Type          = Jatuh dalam pendekatan pada cuaca buruk
|occurrence_type=insiden
|Site          = dekat [[Palembang]], [[Indonesia]]
|Fatalities    = 30 (19 di pesawat, 6 di darat)
|image=Garuda Fokker F28-1000 Volpati-1.jpg
|caption=Pesawat serupa dengan pesawat yang mengalami kecelakaan.
|Injuries      = 5
|Aircraft Type = [[Fokker F28]]
|Operator      = [[Garuda Indonesia]]
|Tail_number   = PK-GVC
|Passengers    = 70
|crew          = 5
|Survivors     = 40
|Origin=[[Bandar Udara Kemayoran]], [[Jakarta]]
|Destination=[[Bandar Udara Sultan Mahmud Badaruddin II]], [[Palembang]]
}}"
Penggusuran Simprug,
Templat:Bencana di Indonesia tahun 1970-an,
Peristiwa Cicendo,
Gempa bumi Papua Barat 1989,
Reformasi Indonesia (1998–sekarang),
Serangan ke Limbang,"{{Infobox Military Conflict
|conflict=Serangan ke Limbang
|partof=[[Konfrontasi Indonesia-Malaysia]]
|image=
|caption=
|date=[[12 Desember]] [[1962]]
|place=[[Limbang]], [[Sarawak]], [[Borneo]]
|casus=
|territory=
|result=Kemenangan Britania
|combatant1={{negaranama|Britania Raya}}
|combatant2=[[Tentara Nasional Kalimantan Utara]]
|commander1=[[Jeremy Moore]]
|commander2=Salleh Bin Sambas
|strength1=Satu [[kompi]]
|strength2=~150
|casualties1=Lima tewas, delapan terluka
|casualties2=12 tewas, 15 terluka
}}"
Gempa bumi Irian Jaya 1981,"{{Infobox earthquake
|title= Gempa bumi Irian Jaya 1981 
|timestamp = 1981-01-19 15:11:01
|anss-url = usp0001bta
|isc-event = 632891
|local-date= {{Start-date|20 Januari 1981}}
|local-time = 00:11:01 [[WIT]]
|map2 = {{Location map | Indonesia Papua Pegunungan#Indonesia 
 | label=
 | lat=-4.58
 | long=139.23
 | mark=Bullseye1.png
 | marksize=40
 | position=top
 | width= 250
 | float=right
 | caption=}}
|magnitude = 6.7 {{M|w|link=y}}
| intensity = {{MMI|7}}
|depth= {{cvt|33|km|abbr=on}}
|location={{coord|-4.58|139.23|display=inline,title}}
|countries affected = [[Irian Jaya]], [[Indonesia]]
|casualties = 305 tewas, 1,000+ hilang
}}"
Tragedi Semanggi,"{{Infobox civil conflict
| title = Tragedi Semanggi
| partof = [[Reformasi Indonesia (1998–sekarang)|Era Reformasi]]
| image = Semanggi 01.jpg
| caption = Salah satu korban tragedi Semanggi I
| date = 13 November 1998<br>24 September 1999
| place = [[Simpang Susun Semanggi|Semanggi]], [[Jakarta]], Indonesia
| coordinates = 
| causes = Perlawanan militer terhadap tuntutan reformasi
| status = 
| goals = 
| result = 
| methods = Penembakan
| side1 = {{flagicon image|Flag of the Indonesian National Armed Forces.svg}} [[Tentara Nasional Indonesia]] 
{{flagicon image|Flag of the Indonesian National Police.png}} [[Kepolisian Negara Republik Indonesia]]
| side2 = Mahasiswa dan warga sipil
| side3 = 
| leadfigures1 = 
| leadfigures2 = 
| leadfigures3 = 
| howmany1 = 
| howmany2 = 
| howmany3 = 
| casualties1 = 
| casualties2 = 
| casualties3 = 
| casualties_label = Korban
| fatalities = 17 tewas dan 109 terluka dalam Semanggi I<ref name="":0"">{{cite web|url=https://www.cnnindonesia.com/nasional/20211112203012-20-720547/23-tahun-tragedi-semanggi-i-dan-keadilan-yang-gelap|title=23 Tahun Tragedi Semanggi I dan Keadilan yang Gelap|date=13 November 2021|website=[[CNN Indonesia]]|access-date=16 Juli 2023}}</ref><br/>12 tewas dalam Semanggi II
| notes = 
}}"
Peristiwa Kanigoro,
Kerusuhan Mei 1998,"{{Infobox civil conflict
| title = Kerusuhan Mei 1998
| partof = [[Kejatuhan Soeharto]], [[Krisis finansial Asia 1997]] dan [[Diskriminasi terhadap Tionghoa-Indonesia|Sentimen anti-Tionghoa di Indonesia]]
| image = [[File:Jakarta riot 14 May 1998.jpg|300px|alt=A man wearing a buttoned shirt, pants, and flip-flops throws an office chair into a burning pile of other chairs in the middle of a city street. Behind him, several dozen people gather in front of a building with broken windows.]]
| caption = Para perusuh membakar perabot kantor di jalanan Jakarta pada 14 Mei 1998
| date = 4–8 dan 12–15 Mei 1998
| place = Kerusuhan besar terjadi di [[Medan]], [[Jakarta]], dan [[Surakarta]] dengan sejumlah insiden terpisah di tempat lain
| coordinates = 
| causes = * Ketidakpuasan atas pemerintahan [[Orde Baru (Indonesia)|Orde Baru]]
* Dugaan [[Kecurangan pemilihan umum|kecurangan suara]] dalam [[Pemilihan umum legislatif Indonesia 1997|pemilu legislatif 1997]]
* Keruntuhan ekonomi sebagai akibat dari [[Krisis finansial Asia 1997|krisis keuangan Asia]]
* [[Otoritarianisme]]
| result = * [[Kejatuhan Soeharto|Pengunduran diri]] Presiden [[Soeharto]] dan pembentukan [[Kabinet Reformasi Pembangunan]] baru di bawah [[B.J. Habibie]]
* Kemerdekaan [[Timor-Leste]]
* Awal [[Reformasi (Indonesia)|Era Reformasi]]
| methods =  * [[Kerusuhan]]
* [[Pembangkangan sipil]]
* [[Penjarahan]]
* [[Pembakaran disengaja]]
| side1 = {{flagicon|Indonesia}} [[Pemerintah Indonesia]]
*[[Tentara Nasional Indonesia]]
**[[Kodam Jayakarta]]
*[[Kepolisian Negara Republik Indonesia]]
**[[Korps Brigade Mobil]]
*[[Badan Intelijen Negara|Badan Intelijen Negara Indonesia]]
* Warga lokal
| side2 = [[Pribumi|warga sipil Indonesia]] yang terdiri dari [[Megawati Soekarnoputri]] pendukung dan pengunjuk rasa anti-pemerintah
| side3 = [[Orang Tionghoa Indonesia|Tionghoa]] warga sipil termasuk beberapa pendukung anti-Megawati dan anti-Soeharto
| casualties3 = <!-- Temporarily left blank until article is complete -->
| casualties_label =
}}"
Krisis finansial Asia 1997,
Tragedi Simpang KKA,"{{Infobox news event
| date              = [[3 Mei]] [[1999]]
| time              = 
| place             = [[Dewantara, Aceh Utara]], [[Indonesia]]
| reported deaths = 46
| reported missing = 10
| reported injuries = 156
}}"
Pembicaraan Templat:Bencana di Indonesia tahun 1990-an,
Kecelakaan transportasi di Indonesia,
Gempa bumi Irian Jaya 1976,"{{Infobox earthquake
|title = Gempa bumi Irian Jaya 1976
|timestamp = 1976-06-25 19:18:56
|anss-url = usp0000h1p
|isc-event = 713087
|local-date = {{Start-date|26 Juni 1976}}
|local-time = 04:18:56 WIT
|map2 = {{Location map | Indonesia Papua Pegunungan
 | label =
 | lat = -4.603
 | long = 140.091
 | mark = Bullseye1.png
 | marksize = 50
 | position = top
 | width = 250
 | float = right
 | caption =
 | relief = }}
|caption =
|magnitude = 7.1 {{M|s|link=y}}
|location =  {{coord|-4.603|140.091|display=inline, title}}
|countries affected = [[Indonesia]]
|intensity = {{MMI|XI}} <ref name=EXPO-CAT/>
|casualties = sedikitnya 422 tewas, lebih dari 5.000 hilang
}}"
Kerusuhan Situbondo,
Peristiwa Talangsari 1989,
Gempa bumi Sulawesi 1969,"{{Infobox earthquake
 | name        = Gempa bumi Sulawesi 1969
 | image       = <!-- file name only -->
 | alt         = 
 | caption     = 
 | map         = <!-- file name only -->
 | map_alt     = 
 | map_caption =
 | pushpin_map = <!-- as per Template:Location map -->
 | map2        = {{Location map| Indonesia_Sulawesi#Indonesia
 | relief = yes
 | lat = -3.201
 | long = 118.904
 | mark = Bullseye1.png
 | marksize = 40
 | position = top
 | width = 250
 | caption =}}
 | pre-1900    = <!-- Set to 'yes' if before 1900-01-01. Relaxes timestamp format -->
 | timestamp   = 1969-02-23 00:36:58 
 | isc-event   = 812497
 | anss-url    = iscgem812497
 | local-date  = {{Start date|1969|02|23}}
 | local-time  = 08:56 [[WITA]]
 | duration    =
 | magnitude   = 7.0 [[Skala kekuatan Moment|M<sub>w</sub>]]
 | depth       = {{convert|15|km|mi|0|abbr=on}}
 | location    = {{coord|-3.201|118.904|region:XX_type:event|display=inline,title}}
 | affected    = [[Sulawesi Barat]], Indonesia 
 | damages     = <!-- cost/extent of property damage -->
 | intensity   = {{MMI|VIII}}
 | pga         = <!-- NN ''[[Peak ground acceleration|g]]'' -->
 | pgv         = <!-- NN cm/s -->
 | tsunami     = Ya, {{cvt|12|m|ft}}
 | landslide   =
 | foreshocks  =
 | aftershocks =
 | casualties  = 664
 | engvar      = <!-- follow article: =en-UK will show 'Epicentre' -->
 | citations    =
}}"
Kecelakaan C-130 Angkatan Udara Indonesia 1991,"{{Infobox aircraft occurrence
| name            = Kecelakaan C-130 Angkatan Udara Indonesia 1991
| occurrence_type = Kecelakaan
| image           = TNI-AU (Indonesian Air Force) Lockheed C-130H-30 Hercules serial number A-1317 lands at Yogyakarta's Adisucipto International Airport.jpg
| image_size      = 350
| caption         = TNI-AU C-130H-30, saudari dari pesawat yang kecelakaan
| Date            = 5 Oktober 1991
| type            = Kebakaran mesin saat lepas landas
| site            = dekat [[Bandar Udara Jakarta-Halim Perdana Kusuma]]
| aircraft_type   = [[Lockheed C-130H-30 Hercules]]
| operator        = [[Angkatan Udara Indonesia]]
| tail_number     = A-1324
| origin          = [[Bandar Udara Jakarta-Halim Perdana Kusuma]]
| destination     = [[Bandar Udara Internasional Husein Sastranegara]]
| Passengers      = 122
| Crew            = 12
| Fatalities      = 135 (2 di tanah)
| Survivors       = 1
}}"
Pengeboman Borobudur 1985,"{{Infobox terrorist attack
|title=Bom Candi Borobudur 1985
|image=Borobudur Bombing 1985.jpg
|caption=Kerusakan pada beberapa stupa di teras atas Borobudur akibat serangan teroris Bom Borobudur pada 21 Januari 1985.<ref name=""kompas"">{{cite web|archiveurl=http://id.wikipedia.org/wiki/Berkas:Kompas-22_Januari_1985-sample.jpg |publisher=KOMPAS |title=Sembilan Stupa Borobudur Diledakkan Senin Dini Hari|date=1985-01-22 |archivedate=2010-06-06}}</ref>
|location= {{negara|Indonesia}} [[Candi Borobudur]], [[Magelang]], [[Indonesia]]
|target=[[Candi Borobudur]]
|date= [[21 Januari]] [[1985]] <ref name=""kompas""/>
|time-begin=
|time-end=
|timezone=[[UTC]]+7
|type= [[Pemboman]], [[Propaganda dengan perbuatan]]
|fatalities=
|injuries=
|perps= [[Mohammad Jawad]] alias ""Ibrahim"" alias ""Kresna"" (perencana)<br /> [[Abdulkadir Ali Alhabsyi]] (pelaku)<br /> [[Husein Ali Alhabsyi]] (pelaku) <ref name=""tempo"">[http://majalah.tempointeraktif.com/id/arsip/1999/05/17/INT/mbm.19990517.INT94985.id.html ""Bom Borobudur, 16 Tahun Kemudian""] {{Webarchive|url=https://web.archive.org/web/20100803011430/http://majalah.tempointeraktif.com/id/arsip/1999/05/17/INT/mbm.19990517.INT94985.id.html |date=2010-08-03 }} - Tempo Online, 17 Mei 1999. Diakses 11 Mei 2010.</ref>
|lat_dir= S
|lat_deg = 7
|lat_min = 36
|lat_sec = 28
|lon_deg = 110
|lon_min = 12
|lon_sec = 13
|label=[[Magelang]]
|labelposition=bottom
|mapname= Indonesia
}}"
Kerusuhan di Indonesia,
Gempa bumi Sulawesi Tengah 1968,
Gempa bumi Sulawesi 1968,"{{Infobox earthquake
| title              = Gempa bumi Sulawesi 1968
| timestamp = 1968-08-14 22:14:23
| isc-event = 818025
| anss-url = iscgem818025
| local-date = {{Start date|1968|08|15}}
| local-time = 06:14:23
| map2               = {{Location map | Indonesia#Indonesia Sulawesi 
 | relief = 1
 | label =
 | lat = 0.6
 | long = 119.69
 | mark = Bullseye1.png
 | marksize = 40
 | position = top
 | width = 250
 | float = right
 | caption = }}
| magnitude          = 7.2 {{M|w|link=y}}
| depth              = {{convert|17|km|abbr=on}} <ref name=Engdahl/>
| location           = {{coord|0.06|119.69}} <ref name=Engdahl/>
| countries affected = [[Indonesia]]
| fault              = [[Sesar Palu-Koro]]
| aftershocks        =
| intensity          = {{MMI|9}}
| casualties         = 213 tewas
}}"
Templat:Bencana di Indonesia tahun 1990-an,
Tabrakan kereta api Kebasen 1981,
Malari,"{{Infobox Civil Conflict
| title = Peristiwa Malari
| partof =
| image =[[File:MalariRiotsJakarta1.jpg|300px]]
| caption = 
| date = 15 – 16 Januari 1974
| place = [[Jakarta]], Indonesia
| coordinates = 
| causes = Korupsi<br />Persaingan dari investasi asing<br />Perebutan kekuasaan militer
| status =
| goals = 
| result = Lihat [[#Akibat|Akibat]]
| methods = [[Unjuk rasa|Demonstrasi]], [[kerusuhan]], [[pogrom]]
| side1 = Mahasiswa Indonesia dan masyarakat miskin perkotaan
| side2 = Pemerintah [[Orde Baru]] 
| side3 =
| leadfigures1 =
| leadfigures2 =
| leadfigures3 =
| howmany1 =
| howmany2 =
| howmany3 =
| casualties1 = 11 tewas, 137 luka-luka
| casualties2 = Tidak ada yang dilaporkan
| casualties3 =
| casualties_label =
| notes =
}}"
Musibah Fokker F28 Garuda Indonesia 1982,"{{Infobox Aircraft occurrence
|name=Musibah Fokker F28 Garuda Indonesia 1982
|Date={{Start date and age|1982|3|20}}
|Type=keluar dari landsan karena cuaca buruk
|image=Garuda Fokker F28-1000 Volpati-1.jpg
|caption=Pesawat serupa dengan pesawat yang mengalami kecelakaan
|occurrence_type=Insiden
|Site=[[Bandar Udara Radin Inten II]], [[Bandar Lampung]]
|Fatalities=27 (semua)
|Injuries= 0
|Aircraft Type=[[Fokker F28]]
|Operator=[[Garuda Indonesia]]
|Tail Number=PK-GVK
|Passengers=23
|crew=4
|Survivors =0
}}"
Pendaratan di Labis,"{{Infobox Military Conflict
|conflict=Pendaratan di Labis
|image=
|caption=
|partof=[[Konfrontasi Indonesia-Malaysia]]
|date= September–Oktober 1964
|place=[[Labis]], [[Johor]], [[Malaysia]]
|result= Kemenangan Persemakmuran
|combatant1={{flag|Malaysia}}<br>{{flag|Britania Raya}}<br>{{flag|Selandia Baru}}
|combatant2={{flag|Indonesia}}
|commander1=Tidak diketahui
|commander2={{flagicon|Indonesia}} Tidak diketahui
|strength1=
|strength2=~98 orang
|casualties1=1 tewas
|casualties2=~32 tewas, 62 ditangkap
}}"
Krisis Timor Timur 1999,"{{Infobox military conflict
| conflict          = Krisis Timor Timur 1999
| partof            = [[Dekolonisasi Asia]], [[Pendudukan Indonesia di Timor Timur]] dan [[Kejatuhan Soeharto|Kejatuhan Suharto]]
| campaign          = 
| image             = Destroyed houses 19.jpg
| image_size        = 350px
| caption           = Rumah-rumah yang hancur di [[Dili]].
| date              = April 1999 – 2005<ref>{{Cite web|url=https://www.police.govt.nz/about-us/programmes-and-initiatives/international-service-group-isg/past-isg-deployments|title=Past ISG deployments|website=New Zealand Police}}</ref><ref>{{Cite web|url=http://www.theguardian.com/world/2005/aug/01/indonesia.theeditorpressreview|title=The Editor briefing|author=Guardian Staff|date=31 Juli 2005|website=The Guardian}}</ref>
| place             = [[Timor Leste]]
| territory         = 
| status            = Kemenangan taktis Timor Timur
* Kekalahan milisi pro-Indonesia
* Stabilisasi Timor Timur
* [[Referendum kemerdekaan Timor Leste 1999|Referendum kemerdekaan Timor Timur]]
* Embargo penjualan militer [[Amerika Serikat|AS]] ke [[Indonesia]] dari 9 September 1999 – 22 November 2005<ref name='embargo'>{{Cite web|url=https://uca.edu/politicalscience/dadm-project/asiapacific-region/indonesiaeast-timor-1976-2002/|title=53. Indonesia/East Timor (1976-2002)|website=uca.edu}}</ref><ref>{{Cite web|url=http://news.bbc.co.uk/2/hi/asia-pacific/444003.stm|title=BBC News &#124; Asia-Pacific &#124; Military sanctions against Indonesia|website=news.bbc.co.uk}}</ref><ref>{{Cite web|url=https://www.foxnews.com/story/u-s-removes-six-year-embargo-against-indonesia|title=U.S. Removes Six-Year Embargo Against Indonesia|date=25 Maret 2015|website=Associated Press}}</ref>
* Embargo penjualan militer [[Britania Raya]] ke [[Indonesia]] dari 11 September 1999 – 11 April 2012<ref>{{Cite web|url=https://www.telegraph.co.uk/news/politics/9197167/Britain-sells-weapons-to-Indonesia-after-13-year-hiatus.html|title=Britain sells weapons to Indonesia after 13 year hiatus|work=The Telegraph}}</ref>
* Embargo penjualan militer [[Australia]] ke [[Indonesia]] September 1999<ref name='embargo'/>
* Embargo penjualan militer [[Uni Eropa|Uni Eropa (EU)]] ke [[Indonesia]] dari 16 September 1999 – 17 Januari 2000<ref>{{Cite web|url=https://www.tni.org/es/node/8332|title=EU Arms Embargo to Indonesia Lifted Despite Worsening Situation in the Archipelago|date=17 November 2005|website=Transnational Institute}}</ref><ref>{{Cite web|url=http://news.bbc.co.uk/2/hi/asia-pacific/607230.stm|title=BBC News &#124; ASIA-PACIFIC &#124; EU lifts arms embargo on Indonesia|website=news.bbc.co.uk}}</ref>

Kemenangan strategis milisi pro-Indonesia<ref>{{Cite web|url=https://www.ucanews.com/news/timor-leste-dancing-to-indonesias-tune-despite-20-years-of-independence/86000|title=Timor-Leste dancing to Indonesia's tune despite 20 years of independence - UCA News|website=ucanews.com}}</ref><ref>{{Cite web|url=https://www.e-ir.info/2012/04/06/failed-humanitarian-intervention-in-east-timor/|title=Failed Humanitarian Intervention in East Timor|date=6 April 2012}}</ref>
* 80% infrastruktur Timor Timur hancur akibat [[Operasi Bumi Hangus Timor Timur|Operasi Bumi Hangus]]
| combatant1        = {{flagcountry|Timor Leste}}<br>[[File:INTERFET Logo.jpg|21px]] [[Pasukan Internasional untuk Timor Timur|INTERFET]]<br>[[File:UNTAET logo.png|21px]] [[Administrasi Sementara PBB di Timor Timur|UNTAET]]
<br />
{{Collapsible list
|title=Daftar lengkap:
|bullets=on
| {{flagcountry|Australia}}&nbsp;– 5.000
| {{flagcountry|Selandia Baru}}&nbsp;– 1.250
| {{flagcountry|Thailand}}&nbsp;– 1.600
| {{flagcountry|Amerika Serikat}}<ref name=""C4 Navy"">{{cite web |last1=Cross |first1=Lyle |title=East Timor: A Case Study in C4I Innovation |url=http://www.doncio.navy.mil/chips/ArticleDetails.aspx?id=3455 |website=US Navy Information Technology Magazine |publisher=Department of Navy (US) |access-date=26 Mei 2022}}</ref>
| {{flagcountry|Argentina}}<ref>{{Cite web | url=https://www.aph.gov.au/About_Parliament/Parliamentary_Departments/Parliamentary_Library/Publications_Archive/CIB/cib9900/2000CIB03 | title=East Timor and Australia's Security Role: Issues and Scenarios }}</ref>
| {{flagcountry|Austria}}<ref>{{Cite web|url=https://peacekeeping.un.org/mission/past/unmiset/facts.html|title=UNMISET: United Nations Mission of Support in East Timor - Facts and Figures|website=peacekeeping.un.org}}</ref>
| {{flagcountry|Bangladesh}}&nbsp;
| {{flagcountry|Benin}}&nbsp;
| {{flagcountry|Bolivia}}&nbsp;
| {{flagcountry|Bosnia dan Herzegovina}}&nbsp;
| {{flagcountry|Brasil}}&nbsp;
| {{flagcountry|Britania Raya}}&nbsp;
| {{flagcountry|Bulgaria}}&nbsp;
| {{flagcountry|Chili}}<ref name=reliefweb>{{cite web |url=https://reliefweb.int/report/indonesia/untaet-fact-sheet-18-peacekeeping-force |title=UNTAET Fact Sheet 18: Peacekeeping Force |publisher=OCHA |date=28 Februari 2002 |access-date=26 Mei 2022}}</ref>
| {{flagcountry|Denmark}}<ref name=reliefweb/>
| {{flagcountry|Fiji}}&nbsp;
| {{flagcountry|Filipina}}&nbsp;
| {{flagcountry|Gambia}}&nbsp;
| {{flagcountry|Ghana}}&nbsp;
| 
| {{flagcountry|Irlandia}}&nbsp;
| {{flagcountry|Israel}}&nbsp;
| {{flagcountry|Italia}}&nbsp;
| {{flagcountry|Jepang}}&nbsp;
| {{flagcountry|Jerman}}&nbsp;
| {{flagcountry|Kanada}}&nbsp;
| {{flagcountry|Kenya}}&nbsp;
| {{flagcountry|Korea Selatan|1997}}&nbsp;
| {{flagcountry|Kroasia}}&nbsp;
| {{flagcountry|Malaysia}}&nbsp;
| {{flagcountry|Meksiko}}&nbsp;
| {{flagcountry|Mesir}}<ref name=reliefweb/>
| {{flagcountry|Mozambik}}<ref name=reliefweb/>
| {{flagcountry|Namibia}}&nbsp;
| {{flagcountry|Nepal}}&nbsp;
| {{flagcountry|Niger}}&nbsp;
| {{flagcountry|Nigeria}}&nbsp;
| {{flagcountry|Norway}}&nbsp;
| {{flagcountry|Pakistan}}&nbsp;
| {{flagcountry|Peru}}&nbsp;
| {{flagcountry|Portugal}}&nbsp;
| {{flagcountry|Prancis}}&nbsp;
| {{flagcountry|Rusia}}&nbsp;
| {{flagcountry|Samoa}}&nbsp;
| {{flagcountry|Senegal}}&nbsp;
| {{flagcountry|Serbia dan Montenegro}}&nbsp;
| {{flagcountry|Singapura}}&nbsp;
| {{flagcountry|Slowakia}}<ref name=reliefweb/>
| {{flagcountry|Slovenia}}&nbsp;
| {{flagcountry|Spanyol}}&nbsp;
| {{flagcountry|Sri Lanka}}&nbsp;
| {{flagcountry|Swedia}}&nbsp;
| {{flagcountry|Tajikistan}}&nbsp;
| {{flagcountry|Tiongkok}}&nbsp;
| {{flagcountry|Turki}}&nbsp;
| {{flagcountry|Ukraina}}&nbsp;
| {{flagcountry|Uruguay}}&nbsp;
| {{flagcountry|Yordania}}&nbsp;
| {{flagcountry|Vanuatu}}&nbsp;
| {{flagcountry|Zambia}}&nbsp;
| {{flagcountry|Zimbabwe}}&nbsp;
}}
| combatant2        = 
{{flagicon|Indonesia}} [[Milisi pro-Indonesia di Timor Leste|Milisi pro-Indonesia]]<ref>{{Cite journal|last=Robinson|first=Geoffrey|title=People's war: militias in East Timor and Indonesia|url=https://history.ucla.edu/sites/default/files/u184/robinson/gr_-_peoples_war_.pdf|journal=South East Asia Research|year=2001|volume=9|issue=3|pages=271–318|doi=10.5367/000000001101297414|s2cid=29365341}}</ref>
* {{flagicon image|Flag of AITARAK.svg}} [[Aitarak]]
* [[Besi Merah Putih]]
* [[Garda Muda Penegak Integrasi]]
* [[Laksaur]]
* [[Mahidi]]
'''Didukung oleh:'''
*[[File:Lambang Kopassus.svg|25px]] [[Komando Pasukan Khusus|Kopassus]] (dugaan)
*{{flagicon image|Flag of the Indonesian State Intelligence Agency.png}} [[Badan Intelijen Negara Republik Indonesia|BIN]]<ref>{{Cite web|url=https://www.theage.com.au/national/indonesia-bugged-australia-20041115-gdyzv0.html|title=Indonesia 'bugged' Australia|date=15 November 2004|website=The Age}}</ref>
*Lobi Jakarta<ref>{{Cite web|url=https://nautilus.org/publications/books/australian-forces-abroad/security-general/the-collins-allegations/|title=The Collins allegations &#124; Nautilus Institute for Security and Sustainability|date=19 Desember 2011|website=nautilus.org}}</ref><ref>{{Cite web|url=https://www.abc.net.au/pm/content/2004/s1088231.htm|title=PM - A look behind the 'Jakarta Lobby'|website=www.abc.net.au}}</ref><ref>{{Cite web|url=https://www.abc.net.au/pm/content/2004/s1086652.htm|title=PM - Intelligence analyst blasts the DIO|website=www.abc.net.au}}</ref>
| commander1        = {{plainlist|
*{{flagicon|Australia}} [[John Howard]]
*{{flagicon|Australia}} [[Peter Cosgrove]]
*{{flagicon|New Zealand}} [[Jenny Shipley]]
*{{flagicon|New Zealand}} [[Helen Clark]]
*{{flagicon|New Zealand}} [[Carey Adamson]]
*{{flagicon|Brazil}} [[Sérgio Vieira de Mello]] 
*{{flagicon|Portugal}} Brigjen. Paulo Pereira Guerreiro {{KIA}}<ref>{{Cite web|url=https://news.un.org/en/story/2002/09/44572-east-timor-mourns-death-un-peacekeeping-forces-top-military-observer|title=East Timor mourns death of UN peacekeeping force's top military observer|date=9 September 2002|website=UN News}}</ref>
}}
| commander2        = {{flagdeco|Indonesia}} [[Wiranto]]<br /> {{flagdeco|Indonesia}}{{flagicon image|Flag of AITARAK.svg}} [[Eurico Guterres]] <br /> {{flagdeco|Indonesia}} Manuel de Sousa <br/>{{flagdeco|Indonesia}} [[Olivio Mendonca Moruk]] {{KIA}} <br/> {{flagdeco|Indonesia}} Câncio Lopez de Carvalho {{surrendered}} <ref>{{cite web |url= https://www.ucanews.com/story-archive/?post_name=/2001/10/31/projakarta-militia-group-returns-home-to-east-timor&post_id=19470 |title= PRO-JAKARTA MILITIA GROUP RETURNS HOME TO EAST TIMOR |date=30 October 2001 |publisher=UCA news|access-date=28 January 2023 }}</ref>
| casualties1       = {{Collapsible list
|title=Daftar lengkap:
|bullets=on
|{{flagicon|Timor Leste}} [[Timor Leste]] – 16 tewas (staf PBB lokal)<ref>https://data.humdata.org/dataset/4ce16b45-5526-471d-8918-2ed76082f1c8/resource/4cfc43b6-cc9c-403b-966f-fc37b8dd7d4b/download/odp_noticas.csv</ref><ref name=""auto"">{{cite web|url=https://peacekeeping.un.org/sites/default/files/stats_by_nationality_mission_2_61_mar2021.pdf|title=United Nations peacekeeping|at=Fatalities by Nationality and Mission up to 3/31/2021 11:59:59 pm|website=peacekeeping.un.org|accessdate=26 Mei 2022}}</ref>
*{{flagicon|AUS}} [[Australia]] – 2 tewas secara tidak sengaja<ref>{{cite book|last=Londey|first=Peter|year=2004|title=Other People's Wars: A History of Australian Peacekeeping|location=Crows Nest, New South Wales| publisher=Allen & Unwin|isbn=1-86508-651-7|pages=256, 259}}</ref>
*{{flagicon|Selandia Baru}} [[Selandia Baru]] – 5 tewas (4 karena kecelakaan)<ref>{{cite news |url=https://www.nzherald.co.nz/indonesia-and-east-timor/news/article.cfm%3Fc_id%3D589%26objectid%3D2197691 |author=Aronson, Cathy |title=Fifth NZ soldier dies in East Timor |date=28 Juli 2002 |work=NZ Herald |access-date=26 Mei 2022 }}{{Dead link|date=Mei 2022 |bot=InternetArchiveBot |fix-attempted=yes }}</ref>
*{{flagicon|Thailand}} [[Thailand]] – 2 tewas<ref name=""auto""/><ref name=""auto2"">{{Cite web|url=https://reliefweb.int/report/indonesia/untaet-daily-briefing-12-may-2000|title=UNTAET Daily Briefing 12 May 2000 - Indonesia|website=ReliefWeb}}</ref>
*{{flagicon|US}} [[Amerika Serikat]] – 1 terluka<ref>{{Cite web|url=http://www.cnn.com/ASIANOW/southeast/9909/04/e.timor.03/|title=ASIANOW - U.S. police officer shot as East Timor violence surges - September 4, 1999|website=www.cnn.com}}</ref>
*{{flagicon|Bangladesh}} [[Bangladesh]] – 1 tewas dan 1 terluka akibat [[Perangkat peledak improvisasi|IED]]<ref name=""auto4"">{{Cite web|url=https://reliefweb.int/report/timor-leste/untaet-daily-briefing-03-aug-2000|title=UNTAET Daily Briefing 03 Aug 2000 - Timor-Leste|website=ReliefWeb}}</ref>
*{{flagicon|Brazil}} [[Brasil]] – 1 tewas<ref name=""auto3"">{{Cite web|url=https://reliefweb.int/report/timor-leste/timor-leste-un-mission-remembers-2-peacekeepers-killed-bali-blast|title=Timor-Leste: UN mission remembers 2 peacekeepers killed in Bali blast - Timor-Leste|website=ReliefWeb}}</ref> 
*{{flagicon|Fiji}} [[Fiji]] – 2 tewas dan 11 terluka<ref name=""auto""/><ref name=""auto2""/><ref>{{cite web |url=https://peacekeeping.un.org/mission/past/etimor/DB/db110901.htm |title=Dili, 11 September 2001: Fijian Soldier Killed, 11 Injured, in Truck Accident |publisher=United Nations |access-date=26 Mei 2022}}</ref>
*{{flagicon|PHI}} [[Filipina]] – 4 tewas dan 4 terluka<ref name=""auto""/><ref>{{Cite web|url=https://reliefweb.int/report/indonesia/untaet-daily-briefing-22-dec-2000|title=UNTAET Daily Briefing 22 Dec 2000 - Indonesia|website=ReliefWeb}}</ref><ref>{{Cite web|url=https://peacekeeping.un.org/mission/past/etimor/news/N021000.htm|title=News1|website=peacekeeping.un.org}}</ref>
*{{flagicon|Ghana}} [[Ghana]] – 1 meninggal karena penyakit<ref name=""auto2""/>
*{{flagicon|Indonesia}} [[Indonesia]] – 2 tewas (staf PBB lokal)
*{{flagicon|Ireland}} [[Irlandia]] – 2 tewas<ref name=""auto""/><ref>{{cite news |url=https://www.irishtimes.com/news/irish-soldier-shot-dead-in-accident-in-east-timor-1.1085166%3Fmode%3Damp |title=Irish soldier shot dead in accident in East Timor |author=O'Doherty, Caroline |work=Irish Times |date=16 April 2002 |access-date=26 Mei 2022 }}{{Pranala mati|date=Desember 2022 |bot=InternetArchiveBot |fix-attempted=yes }}</ref>
*{{flagicon|Germany}} [[Jerman]] – 1 tewas<ref name=""auto""/>
*{{flagicon|KOR|1997}} [[Korea Selatan]] – 4 tewas dan 1 hilang karena kecelakaan<ref>{{cite news |url=https://www.abc.net.au/news/2003-03-07/four-s-korean-soldiers-killed-in-e-timor-accident/1813650 |title=Four S Korean soldiers killed in E Timor accident |work=ABC News |date=7 Maret 2003 |access-date=26 Mei 2022}}</ref>
*{{flagicon|Malaysia}} [[Malaysia]] – 3 tewas<ref name=""auto""/><ref name=""auto2""/><ref>{{Cite web|url=https://peacekeeping.un.org/en/mission/past/etimor/DB/DB140600.HTM|title=Dili, 14 June 2000|website=peacekeeping.un.org}}</ref>
*{{flagicon|Nepal}} [[Nepal]] – 1 tewas dan 3 terluka<ref>{{cite web |url=https://reliefweb.int/report/timor-leste/secretary-general-extends-condolences-family-nepalese-soldier-killed-east-timor |title=Secretary-General extends condolences to family of Nepalese soldier killed in East Timor |date=11 Agustus 2000 |access-date=26 Mei 2022}}</ref>
*{{flagicon|Portugal}} [[Portugal]] – 4 tewas dan 9 terluka<ref name=""auto""/><ref name=""auto4""/><ref name=""auto3""/><ref>{{Cite web|url=https://peacekeeping.un.org/mission/past/etimor/news/N031000.htm|title=News1|website=peacekeeping.un.org}}</ref>
*{{flagicon|Russia}} [[Rusia]] – 5 tewas dan 1 hilang karena kecelakaan<ref>{{Cite web | url=https://apnews.com/article/c0f01887adcab2b967e3c66fce961b9e | title=Russian Cargo Plane Crashes in East Timor | website=[[Associated Press]] }}</ref>
*{{flagicon|Spain}} [[Spanyol]] – 1 tewas<ref name=""auto""/>
*{{flagicon|Tajikistan}} [[Tajikistan]] – 1 tewas<ref name=""auto""/>
*Total: 64 tewas 
*49 staf PBB dan LSM yang ditangkap kemudian dibebaskan<ref>{{Cite web|url=https://www.stuff.co.nz/national/122568724/the-untold-story-of-the-daring-nz-sas-mission-to-rescue-un-personnel-in-west-timor|title=The untold story of the daring NZ SAS mission to rescue UN personnel in West Timor|date=5 September 2020|website=Stuff}}</ref>}}
| casualties2       = {{Collapsible list
|title=Daftar lengkap:
|bullets=on
|15–19 tewas<ref>{{Cite web|url=https://www.nippon.com/en/currents/d00275/|title=Japan Self-Defense Forces Participation in UN Peacekeeping: An Idea Whose Time is Past|date=5 Desember 2016|website=nippon.com}}</ref><ref name=""auto1"">{{Cite web|url=https://www.etan.org/et2005/november/07/10files.htm|title=Files reveal East Timor clashes|website=www.etan.org}}</ref><ref>{{Cite web|url=https://www.nzherald.co.nz/nz/documents-link-nz-forces-with-aussie-torture-probe/6SBFIMWEXPO4MR2J3HNU3OUV7I/|title=Documents link NZ forces with Aussie torture probe|website=NZ Herald}}</ref><br>
301+ ditangkap<ref name=""auto1""/><ref>{{Cite book|url=https://books.google.com/books?id=S5n-fTmJTBIC&q=portuguese+soldier+operation+cobra&pg=PA70|title = Peacekeeping in East Timor: The Path to Independence|isbn = 9781588261427|last1 = Alcott|first1 = Louisa May|last2 = Smith|first2 = Michael Geoffrey|last3 = Dee|first3 = Moreen|year = 2003}}</ref><ref>{{Cite web|url=http://www.cnn.com/ASIANOW/southeast/9909/28/e.timor.02/|title=ASIANOW - Peacekeepers capture suspected elite forces in East Timor - September 28, 1999|website=www.cnn.com}}</ref>}}
| casualties3       = 1.400 warga sipil tewas<br>220.000+ pengungsi<ref>{{cite web |url=https://www.unhcr.org/news/latest/2020/9/5f59f0174/remembering-unhcr-colleagues-killed-in-atambua-west-timor-twenty-years.html |title=Remembering UNHCR colleagues killed in Atambua, West Timor, twenty years on |publisher= UNHCR |date=10 September 2020 |access-date=26 Mei 2022}}</ref><br>3 staf UNHCR tewas<ref>{{cite web |url=https://www.unhcr.org/news/press/2000/9/3ae6b81733/unhcr-confirms-three-staff-killed-west-timor-attack.html |title=UNHCR confirms three staff killed in West Timor attack |date=6 September 2000 |publisher=UNHCR |access-date=26 Mei 2022}}</ref><br>2 jurnalis tewas<ref>{{cite web |url=https://cpj.org/2000/03/attacks-on-the-press-1999-east-timor-formerly-indo/ |title=Attacks on the Press 1999: East Timor |publisher=Committee to Protect Journalists |date= 22 Maret 2000|access-date=26 Mei 2022}}</ref><br>1 tentara Indonesia tewas<ref>{{Cite web|url=https://www.nzherald.co.nz/nz/nz-peacekeepers-kill-indonesian-soldier/Z2KOVXHV7QRQJKGOKODFE7W5OI/|title=NZ peacekeepers kill Indonesian soldier|website=NZ Herald}}</ref><br>1 polisi indonesia tewas<ref>{{Cite web|url=https://www.irishtimes.com/news/interfet-fires-at-indonesian-police-near-frontier-post-1.237208?mode=amp|title=Interfet fires at Indonesian police near frontier post|website=www.irishtimes.com}}</ref>
| strength1         = 11,000 militer dan polisi<ref>{{cite web | url=https://etan.org/et99c/october/24-31/25unsc.htm | title=UNSC Authorizes UN Troops for East Timor }}</ref>
| strength2         = 13,000 milisi pro-Indonesia<ref>{{cite web |url=https://en.tempo.co/read/911810/former-east-timor-pro-integration-militias-demand-compensation |title=Former East Timor Pro-Integration Militias Demand Compensation |date=27 September 2017 |publisher= Tempco.co |access-date=12 November 2020 }}</ref>
}}"
Merpati Nusantara Airlines Penerbangan 5601,"{{Infobox Aircraft occurrence
|name             = Merpati Nusantara Airlines Flight 5601
|occurrence_type  = Accident
|image            = Merpati Nusantara Airtech CN-235-10 Wallner.jpg
|image_size       = 300px
|alt              = 
|caption          = PK-MND, kapal lain yang mirip dengan yang mengalami kecelakaan
|date             = {{Start date|1992|10|18}}
|type             = [[Penerbangan dikendalikan ke daratan]]
|site             = [[Gunung Papandayan]], 30 km di barat [[Garut]] [[Jawa Barat]], [[Indonesia]] 
|coordinates      = <!-- {{Coord|LAT|LON|type:event|display=inline,title}} -->
<!--These 17 entries for single-aircraft occurrence:------>
|aircraft_type    = [[CASA/IPTN CN-235|CASA/IPTN CN-235-100]]
|aircraft_name    = 
|operator         = [[Merpati Nusantara Airlines]]
|tail_number      = PK-MNN
|origin           = [[Bandar Udara Internasional Achmad Yani]], [[Semarang]], Indonesia
|stopover         = 
|stopover0        = 
|stopover1        = 
|stopover2        = 
|stopover3        = 
|last_stopover    = 
|destination      = [[Bandar Udara Internasional Husein Sastranegara]], [[Bandung]] , Indonesia
|passengers       = 27
|crew             = 4
|injuries         = 
|fatalities       = 31
|survivors        = 0
}}"
Operasi Bina Garuda I,
Operasi Trikora,"{{Infobox military conflict|conflict=Operasi Trikora|partof=[[Pembebasan Irian Barat]] dan [[Perang Dingin]]|image=Yos Sudarso Postage Stamp.jpg|caption=Perangko Indonesia memperingati [[Pertempuran Laut Aru]]|date={{start and end dates|1961|12|19|1962|08|15|df=y}}|place=[[Irian Barat]]|result=Kemenangan Indonesia 
* [[Perjanjian New York]] ditandatangani
* [[Irian Barat]] diserahkan ke [[PBB]] lalu ke [[Indonesia]]
* Awal dari [[Konflik Papua]]|combatant1={{flag|Indonesia}}
'''Didukung oleh:'''<br>{{flag|Uni Soviet}}{{efn|group=infobox|air and naval support}}|combatant2={{flag|Belanda}}
* [[File:Morning Star flag.svg|22px]] [[Nugini Belanda]]|commander1={{flagicon|Indonesia}} [[Soekarno]]<br />{{flagicon|Indonesia}} [[Soerjadi Soerjadarma]]<br />{{flagicon|Indonesia}} [[Abdul Haris Nasution]]<br />{{flagicon|Indonesia}} [[Ahmad Yani]]<br />{{flagicon|Indonesia}} [[Soeharto]]<br />{{flagicon|Indonesia}} [[Omar Dhani]]<br />{{flagicon|Indonesia}} [[Eddy Martadinata]]<br />{{flagicon|Indonesia}} [[Yos Sudarso]]{{KIA}}<br />{{flagicon|Indonesia}} [[Leonardus Benyamin Moerdani]]|commander2={{flagicon|Belanda}} C.J. van Westenbrugge<br />[[File:Morning Star flag.svg|22px]] W.A. van Heuven|strength1=13.000 tentara<br>7.000 pasukan terjun payung<br>4.500 marinir|strength2=10.000 tentara<br>1.400 marinir<br>1.000 sukarelawan|casualties1=214 tewas<ref name=""25 Tahun Trikora p.192"">{{cite book | title=25 tahun Trikora | via=Google Play Books | year=1988 | url=https://play.google.com/books/reader?id=650vAAAAMAAJ&pg=GBS.PR2&hl=en | language=id |pages=192 | publisher=Yayasan Badan Kontak Keluarga Besar Perintis Irian Barat | access-date=1 November 2021}}</ref><br />1 kapal motor torpedo tenggelam<br />2 kapal motor torpedo rusak|casualties2=Tidak diketahui}}"
Gempa bumi Sulawesi Barat 1967,
Kerusuhan Poso,"{{Infobox military conflict
| title            = Kerusuhan Poso
| partof           = [[Konflik Poso]]
| image            = [[Berkas:Fronts of Poso riots (colored with text).svg|360px]]
| caption          = Front pertempuran dalam kerusuhan Poso III.
| date             = {{Start date|1998|12|25}} – {{End date|2001|12|20}}
| place            = [[Kabupaten Poso]]
| coordinates      = 
| causes           = Penyerangan pemuda Muslim oleh pemuda Kristen yang mabuk di Masjid [[Sayo, Poso Kota Selatan, Poso|Sayo]]
| result           = 
* [[Deklarasi Malino]]
* [[Kekerasan pasca kerusuhan di Poso]]
| combatant1       = {{plainlist |
* '''Pemerintah Pusat'''
* [[TNI]]
* [[POLRI]]
----
* '''Pemerintah Provinsi'''
* [[Kodam Wirabuana]]
* [[Korem 132|Korem 132 Tadulako]]
* [[Polda Sulteng|Polda Sulawesi Tengah]]
----
* '''Pemerintah Kabupaten'''
* [[Batalyon Infanteri 711]]
* [[Polres Poso]]
}}
| combatant2       = {{plainlist |
* '''Milisi Islam'''
----
* [[Jemaah Islamiyah]]
* [[Mujahidin KOMPAK]]
* [[Laskar Jihad]]
}}
| combatant3       = {{plainlist|'''Milisi Kristen'''
----
*Kelelawar Hitam
*Brigade Manguni
*Laskar Kristus
}}
| commander1       = {{plainlist |
* '''Pemerintah Pusat'''
* [[Abdurrahman Wahid]]
* [[Susilo Bambang Yudhoyono]]
* [[Jusuf Kalla]]
----
* '''Pemerintah Provinsi'''
* [[Bandjela Paliudju]]
* [[Aminuddin Ponulele]]
* [[Slamet Kirbiantoro]]
* [[Zainal Abidin Ishak]]
----
* '''Pemerintah Kabupaten'''
* [[Arief Patanga]]
* [[Muin Pusadan]]
* [[Deddy Woeryantono]]
* [[Djasman Baso Opu]]
}}
| commander2       = '''Milisi Islam lokal:''' <br />(''tidak memiliki struktur kepemimpinan yang terpusat'')
----
{{plainlist|
'''Tokoh agama'''
* [[Adnan Arsal]]
}}
| commander3       = '''Milisi Kristen lokal:''' <br />(''tidak memiliki struktur kepemimpinan yang terpusat'')
----
{{plainlist|
'''Tokoh kunci'''
*[[Fabianus Tibo]]
*[[Marinus Riwu]]
*[[Dominggus da Silva]]
}}
----
{{plainlist|
'''Tokoh agama'''
* [[Rinaldy Damanik]]
}}
| strength1        = 
| strength2        = Tidak diketahui
| strength3        = {{flagicon image|Christian cross.svg}} 700 orang (2000)
| campaignbox      = {{Campaignbox Kerusuhan Poso}}
| notes            = <center>577 tewas, 384 terluka, 7.932 rumah hancur, serta 510 fasilitas umum terbakar atau rusak {{small|(versi pemerintah)}}</center>
}}"
Gerakan mahasiswa Indonesia 1998,
Penculikan aktivis 1997/1998,"{{Infobox civilian attack
| title      = Penculikan aktivis 1997/1998
| image      = activistsindonesiakidnappings.JPG{{!}}border
| image_size = 320px
| caption    = Ibu dari salah satu aktivis yang hilang berbicara di sebuah acara mahasiswa pada saat [[pilpres 2014|pemilihan presiden 2014]] di [[Surabaya]], [[Jawa Timur]].
| location   = [[Indonesia]]
| target     = [[Unjuk rasa|Pengunjuk rasa]] dan pemimpin pro-[[demokrasi]]
| date       = 1997{{spaced ndash}}1998
| type       = [[Penghilangan paksa]]
| victims = 23 (1 tewas, 9 dibebaskan, 13 hilang)
}}"
