a,type,label,wiki
http://127.0.0.1:3333/Trowulan,http://www.opengis.net/ont/geosparql#Feature,Trowulan,
http://127.0.0.1:3333/KubilaiKhan,http://semanticweb.cs.vu.nl/2009/11/sem/Actor,Kubilai Khan,
http://127.0.0.1:3333/FerdinandIV,http://semanticweb.cs.vu.nl/2009/11/sem/Actor,Ferdinand IV,
http://127.0.0.1:3333/NyiAgengSerang,http://semanticweb.cs.vu.nl/2009/11/sem/Actor,Nyi Ageng Serang,
http://127.0.0.1:3333/PetrusAlbertusvanderParra,http://semanticweb.cs.vu.nl/2009/11/sem/Actor,Petrus Albertus van der Parra,
http://127.0.0.1:3333/RanggaLawe,http://semanticweb.cs.vu.nl/2009/11/sem/Actor,Rangga Lawe,
http://127.0.0.1:3333/Tamjid2dariBanjar,http://semanticweb.cs.vu.nl/2009/11/sem/Actor,Tamjid 2 dari Banjar,
http://127.0.0.1:3333/KolonelAJAndresen,http://semanticweb.cs.vu.nl/2009/11/sem/Actor,Kolonel AJ Andresen,
http://127.0.0.1:3333/AminUllah,http://semanticweb.cs.vu.nl/2009/11/sem/Actor,Amin Ullah,
http://127.0.0.1:3333/DemangLehman,http://semanticweb.cs.vu.nl/2009/11/sem/Actor,Demang Lehman,
http://127.0.0.1:3333/SultanMuhammadDaudSyah,http://semanticweb.cs.vu.nl/2009/11/sem/Actor,Sultan Muhammad Daud Syah,
http://127.0.0.1:3333/WilliamBeresford,http://semanticweb.cs.vu.nl/2009/11/sem/Actor,William Beresford,
http://127.0.0.1:3333/OeiIngKiat,http://semanticweb.cs.vu.nl/2009/11/sem/Actor,Oei Ing Kiat,
http://127.0.0.1:3333/JacquesMacDonald,http://semanticweb.cs.vu.nl/2009/11/sem/Actor,Jacques MacDonald,
http://127.0.0.1:3333/SalvadordeS,http://semanticweb.cs.vu.nl/2009/11/sem/Actor,Salvador de Sá,
http://127.0.0.1:3333/GubernurJenderalMatiasdeAlbuquerque,http://semanticweb.cs.vu.nl/2009/11/sem/Actor,Gubernur Jenderal Matias de Albuquerque,
http://127.0.0.1:3333/TupiPotiguara,http://semanticweb.cs.vu.nl/2009/11/sem/Actor,Tupi Potiguara,
http://127.0.0.1:3333/ViceroyPedrodaSilva,http://semanticweb.cs.vu.nl/2009/11/sem/Actor,Viceroy Pedro da Silva,
http://127.0.0.1:3333/Belanda,http://semanticweb.cs.vu.nl/2009/11/sem/Actor,Belanda,
http://127.0.0.1:3333/Kastilia,http://semanticweb.cs.vu.nl/2009/11/sem/Actor,Kastilia,
http://127.0.0.1:3333/NicolaasHartingh,http://semanticweb.cs.vu.nl/2009/11/sem/Actor,Nicolaas Hartingh,
http://127.0.0.1:3333/LetnanKolonelElout,http://semanticweb.cs.vu.nl/2009/11/sem/Actor,Letnan Kolonel Elout,
http://127.0.0.1:3333/Holandia,http://semanticweb.cs.vu.nl/2009/11/sem/Actor,Holandia,
http://127.0.0.1:3333/Penggugat,http://semanticweb.cs.vu.nl/2009/11/sem/Actor,Penggugat,
http://127.0.0.1:3333/MikhailKutuzov,http://semanticweb.cs.vu.nl/2009/11/sem/Actor,Mikhail Kutuzov,
http://127.0.0.1:3333/PyotrBagration,http://semanticweb.cs.vu.nl/2009/11/sem/Actor,Pyotr Bagration,
http://127.0.0.1:3333/PetarIPetroviNjego,http://semanticweb.cs.vu.nl/2009/11/sem/Actor,Petar I Petrovi?-Njegoš,
http://127.0.0.1:3333/RoyalisPrancis,http://semanticweb.cs.vu.nl/2009/11/sem/Actor,Royalis Prancis,
http://127.0.0.1:3333/VictorEmmanuelI,http://semanticweb.cs.vu.nl/2009/11/sem/Actor,Victor Emmanuel I,
http://127.0.0.1:3333/LouisNicolasDavout,http://semanticweb.cs.vu.nl/2009/11/sem/Actor,Louis-Nicolas Davout,
http://127.0.0.1:3333/BonAdrienJeannotdeMoncey,http://semanticweb.cs.vu.nl/2009/11/sem/Actor,Bon Adrien Jeannot de Moncey,
http://127.0.0.1:3333/FrederickWilliamIII,http://semanticweb.cs.vu.nl/2009/11/sem/Actor,Frederick William III,
http://127.0.0.1:3333/CountBennigsen,http://semanticweb.cs.vu.nl/2009/11/sem/Actor,Count Bennigsen,
http://127.0.0.1:3333/NicolasCharlesOudinot,http://semanticweb.cs.vu.nl/2009/11/sem/Actor,Nicolas Charles Oudinot,
http://127.0.0.1:3333/JeandeDieuSoult,http://semanticweb.cs.vu.nl/2009/11/sem/Actor,Jean-de-Dieu Soult,
http://127.0.0.1:3333/CharlesIV,http://semanticweb.cs.vu.nl/2009/11/sem/Actor,Charles IV,
http://127.0.0.1:3333/LouisI,http://semanticweb.cs.vu.nl/2009/11/sem/Actor,Louis I,
http://127.0.0.1:3333/FerdinandIII,http://semanticweb.cs.vu.nl/2009/11/sem/Actor,Ferdinand III,
http://127.0.0.1:3333/AdipatiAgungCharles,http://semanticweb.cs.vu.nl/2009/11/sem/Actor,Adipati Agung Charles,
http://127.0.0.1:3333/LouisAlexandreBerthier,http://semanticweb.cs.vu.nl/2009/11/sem/Actor,Louis-Alexandre Berthier,
http://127.0.0.1:3333/SpanyolBonaparte,http://semanticweb.cs.vu.nl/2009/11/sem/Actor,Spanyol Bonaparte,
http://127.0.0.1:3333/FathAliShahQajar,http://semanticweb.cs.vu.nl/2009/11/sem/Actor,Fath Ali Shah Qajar,
http://127.0.0.1:3333/JohnMoore,http://semanticweb.cs.vu.nl/2009/11/sem/Actor,John Moore,
http://127.0.0.1:3333/Prancis,http://semanticweb.cs.vu.nl/2009/11/sem/Actor,Prancis,
http://127.0.0.1:3333/PangeranPoniatowski,http://semanticweb.cs.vu.nl/2009/11/sem/Actor,Pangeran Poniatowski,
http://127.0.0.1:3333/JeromeI,http://semanticweb.cs.vu.nl/2009/11/sem/Actor,Jerome I,
http://127.0.0.1:3333/MariaI,http://semanticweb.cs.vu.nl/2009/11/sem/Actor,Maria I,
http://127.0.0.1:3333/FrederickVI,http://semanticweb.cs.vu.nl/2009/11/sem/Actor,Frederick VI,
http://127.0.0.1:3333/WilliamPitt,http://semanticweb.cs.vu.nl/2009/11/sem/Actor,William Pitt,
http://127.0.0.1:3333/MiguelPereiraForjaz,http://semanticweb.cs.vu.nl/2009/11/sem/Actor,Miguel Pereira Forjaz,
http://127.0.0.1:3333/MuhammadAliPasha,http://semanticweb.cs.vu.nl/2009/11/sem/Actor,Muhammad Ali Pasha,
http://127.0.0.1:3333/LaurentdeGouvionSaintCyr,http://semanticweb.cs.vu.nl/2009/11/sem/Actor,Laurent de Gouvion Saint-Cyr,
http://127.0.0.1:3333/PrincevonSchwarzenberg,http://semanticweb.cs.vu.nl/2009/11/sem/Actor,Prince von Schwarzenberg,
http://127.0.0.1:3333/LouisXVIII,http://semanticweb.cs.vu.nl/2009/11/sem/Actor,Louis XVIII,
http://127.0.0.1:3333/AdipatiBrunswick,http://semanticweb.cs.vu.nl/2009/11/sem/Actor,Adipati Brunswick,
http://127.0.0.1:3333/AloisvonReding,http://semanticweb.cs.vu.nl/2009/11/sem/Actor,Alois von Reding,
http://127.0.0.1:3333/PierreCharlesVilleneuve,http://semanticweb.cs.vu.nl/2009/11/sem/Actor,Pierre-Charles Villeneuve,
http://127.0.0.1:3333/AdipatiWellington,http://semanticweb.cs.vu.nl/2009/11/sem/Actor,Adipati Wellington,
http://127.0.0.1:3333/Hungaria,http://semanticweb.cs.vu.nl/2009/11/sem/Actor,Hungaria,
http://127.0.0.1:3333/George,http://semanticweb.cs.vu.nl/2009/11/sem/Actor,George,
http://127.0.0.1:3333/JeanBaptisteJourdan,http://semanticweb.cs.vu.nl/2009/11/sem/Actor,Jean-Baptiste Jourdan,
http://127.0.0.1:3333/KonfederasiRhine,http://semanticweb.cs.vu.nl/2009/11/sem/Actor,Konfederasi Rhine:,
http://127.0.0.1:3333/CharlesXIII,http://semanticweb.cs.vu.nl/2009/11/sem/Actor,Charles XIII,
http://127.0.0.1:3333/CharlesAlten,http://semanticweb.cs.vu.nl/2009/11/sem/Actor,Charles Alten,
http://127.0.0.1:3333/AdipatiAgungJohn,http://semanticweb.cs.vu.nl/2009/11/sem/Actor,Adipati Agung John,
http://127.0.0.1:3333/JosephI,http://semanticweb.cs.vu.nl/2009/11/sem/Actor,Joseph I,
http://127.0.0.1:3333/Toskana,http://semanticweb.cs.vu.nl/2009/11/sem/Actor,Toskana,
http://127.0.0.1:3333/HenryAddington,http://semanticweb.cs.vu.nl/2009/11/sem/Actor,Henry Addington,
http://127.0.0.1:3333/ArmandAugustinLouisdeCaulaincourt,http://semanticweb.cs.vu.nl/2009/11/sem/Actor,Armand Augustin Louis de Caulaincourt,
http://127.0.0.1:3333/GustavIVAdolf,http://semanticweb.cs.vu.nl/2009/11/sem/Actor,Gustav IV Adolf,
http://127.0.0.1:3333/FrederickI,http://semanticweb.cs.vu.nl/2009/11/sem/Actor,Frederick I,
http://127.0.0.1:3333/JoachimMurat,http://semanticweb.cs.vu.nl/2009/11/sem/Actor,Joachim Murat,
http://127.0.0.1:3333/FrancisI,http://semanticweb.cs.vu.nl/2009/11/sem/Actor,Francis I,
http://127.0.0.1:3333/KarlPhilippvonWrede,http://semanticweb.cs.vu.nl/2009/11/sem/Actor,Karl Philipp von Wrede,
http://127.0.0.1:3333/MaximilianIJoseph,http://semanticweb.cs.vu.nl/2009/11/sem/Actor,Maximilian I Joseph,
http://127.0.0.1:3333/PangeranChristianAugustdariAugustenburg,http://semanticweb.cs.vu.nl/2009/11/sem/Actor,Pangeran Christian August dari Augustenburg,
http://127.0.0.1:3333/JeanAndocheJunot,http://semanticweb.cs.vu.nl/2009/11/sem/Actor,Jean-Andoche Junot,
http://127.0.0.1:3333/FrederickAugustusI,http://semanticweb.cs.vu.nl/2009/11/sem/Actor,Frederick Augustus I,
http://127.0.0.1:3333/AbbasMirza,http://semanticweb.cs.vu.nl/2009/11/sem/Actor,Abbas Mirza,
http://127.0.0.1:3333/LouisGabrielSuchet,http://semanticweb.cs.vu.nl/2009/11/sem/Actor,Louis Gabriel Suchet,
http://127.0.0.1:3333/PangeranHohenlohe,http://semanticweb.cs.vu.nl/2009/11/sem/Actor,Pangeran Hohenlohe,
http://127.0.0.1:3333/JeanBaptisteJulesBernadotte,http://semanticweb.cs.vu.nl/2009/11/sem/Actor,Jean Baptiste Jules Bernadotte,
http://127.0.0.1:3333/ClaudeVictor,http://semanticweb.cs.vu.nl/2009/11/sem/Actor,Claude Victor,
http://127.0.0.1:3333/RobertJenkinson,http://semanticweb.cs.vu.nl/2009/11/sem/Actor,Robert Jenkinson,
http://127.0.0.1:3333/HoratioNelson,http://semanticweb.cs.vu.nl/2009/11/sem/Actor,Horatio Nelson,
http://127.0.0.1:3333/KadipatenMangkunagaran,http://semanticweb.cs.vu.nl/2009/11/sem/Actor,Kadipaten Mangkunagaran,
http://127.0.0.1:3333/Majapahitbarat,http://semanticweb.cs.vu.nl/2009/11/sem/Actor,Majapahit barat,
http://127.0.0.1:3333/KaptenLange,http://semanticweb.cs.vu.nl/2009/11/sem/Actor,Kapten Lange,
http://127.0.0.1:3333/KorpsMarinirKerajaanBelanda,http://semanticweb.cs.vu.nl/2009/11/sem/Actor,Korps Marinir Kerajaan Belanda,
http://127.0.0.1:3333/JohannesPel,http://semanticweb.cs.vu.nl/2009/11/sem/Actor,Johannes Pel,
http://127.0.0.1:3333/tentaraBelanda,http://semanticweb.cs.vu.nl/2009/11/sem/Actor,tentara Belanda,
http://127.0.0.1:3333/WangJingwei,http://semanticweb.cs.vu.nl/2009/11/sem/Actor,Wang Jingwei,
http://127.0.0.1:3333/PlaekPibulsonggram,http://semanticweb.cs.vu.nl/2009/11/sem/Actor,Plaek Pibulsonggram,
http://127.0.0.1:3333/Hirohito,http://semanticweb.cs.vu.nl/2009/11/sem/Actor,Hirohito,
http://127.0.0.1:3333/WongAgungWilis,http://semanticweb.cs.vu.nl/2009/11/sem/Actor,Wong Agung Wilis,
http://127.0.0.1:3333/TentaraKaresidenanMadiun,http://semanticweb.cs.vu.nl/2009/11/sem/Actor,Tentara Karesidenan Madiun,
http://127.0.0.1:3333/KarelvanderHeijden,http://semanticweb.cs.vu.nl/2009/11/sem/Actor,Karel van der Heijden,
http://127.0.0.1:3333/AryaWiraraja,http://semanticweb.cs.vu.nl/2009/11/sem/Actor,Arya Wiraraja,
http://127.0.0.1:3333/TeungkuFakinah,http://semanticweb.cs.vu.nl/2009/11/sem/Actor,Teungku Fakinah,
http://127.0.0.1:3333/CutNyakDhien,http://semanticweb.cs.vu.nl/2009/11/sem/Actor,Cut Nyak Dhien,
http://127.0.0.1:3333/TentaraKerajaanHindiaBelandaKNIL,http://semanticweb.cs.vu.nl/2009/11/sem/Actor,Tentara Kerajaan Hindia Belanda (KNIL),
http://127.0.0.1:3333/GotfriedvanDaalen,http://semanticweb.cs.vu.nl/2009/11/sem/Actor,Gotfried van Daalen,
http://127.0.0.1:3333/JohannesBenedictusvanHeutsz,http://semanticweb.cs.vu.nl/2009/11/sem/Actor,Johannes Benedictus van Heutsz,
http://127.0.0.1:3333/JanJacobKareldeMoulin,http://semanticweb.cs.vu.nl/2009/11/sem/Actor,Jan Jacob Karel de Moulin,
http://127.0.0.1:3333/HenryDemmeni,http://semanticweb.cs.vu.nl/2009/11/sem/Actor,Henry Demmeni,
http://127.0.0.1:3333/TeukuUmar,http://semanticweb.cs.vu.nl/2009/11/sem/Actor,Teuku Umar,
http://127.0.0.1:3333/UlamaIslam,http://semanticweb.cs.vu.nl/2009/11/sem/Actor,Ulama Islam,
http://127.0.0.1:3333/PocutMeuligoe,http://semanticweb.cs.vu.nl/2009/11/sem/Actor,Pocut Meuligoe,
http://127.0.0.1:3333/JohanCornelisvanderWijck,http://semanticweb.cs.vu.nl/2009/11/sem/Actor,Johan Cornelis van der Wijck,
http://127.0.0.1:3333/CutMeutia,http://semanticweb.cs.vu.nl/2009/11/sem/Actor,Cut Meutia,
http://127.0.0.1:3333/PanglimaPolem,http://semanticweb.cs.vu.nl/2009/11/sem/Actor,Panglima Polem,
http://127.0.0.1:3333/TeungkuChikdiTiro,http://semanticweb.cs.vu.nl/2009/11/sem/Actor,Teungku Chik di Tiro,
http://127.0.0.1:3333/SangRamaWijayaTunggaWarman,http://semanticweb.cs.vu.nl/2009/11/sem/Actor,Sang Rama Wijaya Tungga Warman,
http://127.0.0.1:3333/RajendraChola,http://semanticweb.cs.vu.nl/2009/11/sem/Actor,Rajendra Chola,
http://127.0.0.1:3333/KekaisaranChola,http://semanticweb.cs.vu.nl/2009/11/sem/Actor,Kekaisaran Chola,
http://127.0.0.1:3333/KekaisaranPrancisPertama,http://semanticweb.cs.vu.nl/2009/11/sem/Actor,Kekaisaran Prancis Pertama,
http://127.0.0.1:3333/KarelFelixvanSteijnvanHensbroek,http://semanticweb.cs.vu.nl/2009/11/sem/Actor,Karel Felix van Steijn van Hensbroek,
http://127.0.0.1:3333/SingsehKhePandjang,http://semanticweb.cs.vu.nl/2009/11/sem/Actor,Singseh   Khe Pandjang ,
http://127.0.0.1:3333/KolonelStuers,http://semanticweb.cs.vu.nl/2009/11/sem/Actor,Kolonel Stuers,
http://127.0.0.1:3333/KekuatanKesultananPalembang,http://semanticweb.cs.vu.nl/2009/11/sem/Actor,Kekuatan Kesultanan Palembang,
http://127.0.0.1:3333/PutriPitaloka,http://semanticweb.cs.vu.nl/2009/11/sem/Actor,Putri Pitaloka,
http://127.0.0.1:3333/TumenggungCitrasomaIV,http://semanticweb.cs.vu.nl/2009/11/sem/Actor,Tumenggung Citrasoma IV,
http://127.0.0.1:3333/CornelisvanBiesheuvel,http://semanticweb.cs.vu.nl/2009/11/sem/Actor,Cornelis van Biesheuvel,
http://127.0.0.1:3333/RakyatKamang,http://semanticweb.cs.vu.nl/2009/11/sem/Actor,Rakyat Kamang,
http://127.0.0.1:3333/PutriKerajaanSunda,http://semanticweb.cs.vu.nl/2009/11/sem/Actor,Putri Kerajaan Sunda,
http://127.0.0.1:3333/BhreWirabhumi,http://semanticweb.cs.vu.nl/2009/11/sem/Actor,Bhre Wirabhumi,
http://127.0.0.1:3333/GuoLiuGuan,http://semanticweb.cs.vu.nl/2009/11/sem/Actor,Guo Liu Guan,
http://127.0.0.1:3333/TanKeeWie,http://semanticweb.cs.vu.nl/2009/11/sem/Actor,Tan Kee Wie,
http://127.0.0.1:3333/BartholomeusVisscher,http://semanticweb.cs.vu.nl/2009/11/sem/Actor,Bartholomeus Visscher,
http://127.0.0.1:3333/PasukangabunganTionghoadanJawa,http://semanticweb.cs.vu.nl/2009/11/sem/Actor,Pasukan gabungan Tionghoa dan Jawa,
http://127.0.0.1:3333/Singseh,http://semanticweb.cs.vu.nl/2009/11/sem/Actor,Singseh,
http://127.0.0.1:3333/KweeAnSay,http://semanticweb.cs.vu.nl/2009/11/sem/Actor,Kwee An Say,
http://127.0.0.1:3333/PanjiMargono,http://semanticweb.cs.vu.nl/2009/11/sem/Actor,Panji Margono,
http://127.0.0.1:3333/KyaiAliBadawi,http://semanticweb.cs.vu.nl/2009/11/sem/Actor,Kyai Ali Badawi,
http://127.0.0.1:3333/Sora,http://semanticweb.cs.vu.nl/2009/11/sem/Actor,Sora,
http://127.0.0.1:3333/MarinusBernardusRostvanTonningen,http://semanticweb.cs.vu.nl/2009/11/sem/Actor,Marinus Bernardus Rost van Tonningen,
http://127.0.0.1:3333/MayorJendralCochius,http://semanticweb.cs.vu.nl/2009/11/sem/Actor,Mayor Jendral Cochius,
http://127.0.0.1:3333/MayorLaemlin,http://semanticweb.cs.vu.nl/2009/11/sem/Actor,Mayor Laemlin,
http://127.0.0.1:3333/RajoAlam,http://semanticweb.cs.vu.nl/2009/11/sem/Actor,Rajo Alam,
http://127.0.0.1:3333/TuankuRao,http://semanticweb.cs.vu.nl/2009/11/sem/Actor,Tuanku Rao,
http://127.0.0.1:3333/KaptenPoland,http://semanticweb.cs.vu.nl/2009/11/sem/Actor,Kapten Poland,
http://127.0.0.1:3333/LetnanKolonelBauer,http://semanticweb.cs.vu.nl/2009/11/sem/Actor,Letnan Kolonel Bauer,
http://127.0.0.1:3333/MayorduBus,http://semanticweb.cs.vu.nl/2009/11/sem/Actor,Mayor du Bus,
http://127.0.0.1:3333/TuankuTambusai,http://semanticweb.cs.vu.nl/2009/11/sem/Actor,Tuanku Tambusai,
http://127.0.0.1:3333/LetnanKolonelRaaff,http://semanticweb.cs.vu.nl/2009/11/sem/Actor,Letnan Kolonel Raaff,
http://127.0.0.1:3333/TuankuPasaman,http://semanticweb.cs.vu.nl/2009/11/sem/Actor,Tuanku Pasaman,
http://127.0.0.1:3333/MayorPrager,http://semanticweb.cs.vu.nl/2009/11/sem/Actor,Mayor Prager,
http://127.0.0.1:3333/LetnanKolonelKrieger,http://semanticweb.cs.vu.nl/2009/11/sem/Actor,Letnan Kolonel Krieger,
http://127.0.0.1:3333/TuankuImamBonjol,http://semanticweb.cs.vu.nl/2009/11/sem/Actor,Tuanku Imam Bonjol,
http://127.0.0.1:3333/WillmsoonCartekoe,http://semanticweb.cs.vu.nl/2009/11/sem/Actor,Willmsoon Cartekoe,
http://127.0.0.1:3333/vanHasselt,http://semanticweb.cs.vu.nl/2009/11/sem/Actor,van Hasselt,
http://127.0.0.1:3333/PemberontakantiBelanda,http://semanticweb.cs.vu.nl/2009/11/sem/Actor,Pemberontak anti-Belanda,
http://127.0.0.1:3333/RajaKerajaanBangli,http://semanticweb.cs.vu.nl/2009/11/sem/Actor,Raja Kerajaan Bangli,
http://127.0.0.1:3333/BPHNatakusuma,http://semanticweb.cs.vu.nl/2009/11/sem/Actor,BPH Natakusuma,
http://127.0.0.1:3333/HermanusWDotulong,http://semanticweb.cs.vu.nl/2009/11/sem/Actor,Hermanus W. Dotulong,
http://127.0.0.1:3333/KidoShinichir,http://semanticweb.cs.vu.nl/2009/11/sem/Actor,Kido Shinichir?,
http://127.0.0.1:3333/KidoShinichir,http://semanticweb.cs.vu.nl/2009/11/sem/Actor,Kido Shinichirō,
http://127.0.0.1:3333/RobertRolloGillespie,http://semanticweb.cs.vu.nl/2009/11/sem/Actor,Robert Rollo Gillespie,
http://127.0.0.1:3333/RonggoPrawirodirjoIII,http://semanticweb.cs.vu.nl/2009/11/sem/Actor,Ronggo Prawirodirjo III,
http://127.0.0.1:3333/MahapatihMajapahit,http://semanticweb.cs.vu.nl/2009/11/sem/Actor,Mahapatih Majapahit,
http://127.0.0.1:3333/RajaKerajaanKarangasem,http://semanticweb.cs.vu.nl/2009/11/sem/Actor,Raja Kerajaan Karangasem,
http://127.0.0.1:3333/PangeranAryaDipanagara,http://semanticweb.cs.vu.nl/2009/11/sem/Actor,Pangeran Arya Dipanagara,
http://127.0.0.1:3333/Pemberontaklainnya,http://semanticweb.cs.vu.nl/2009/11/sem/Actor,Pemberontak lainnya,
http://127.0.0.1:3333/PangeranPurbaya,http://semanticweb.cs.vu.nl/2009/11/sem/Actor,Pangeran Purbaya,
http://127.0.0.1:3333/Surengrana,http://semanticweb.cs.vu.nl/2009/11/sem/Actor,Surengrana,
http://127.0.0.1:3333/Parapangeranpemberontak,http://semanticweb.cs.vu.nl/2009/11/sem/Actor,Para pangeran pemberontak,
http://127.0.0.1:3333/RivalpenggugattakhtaMataram,http://semanticweb.cs.vu.nl/2009/11/sem/Actor,Rival penggugat takhta Mataram,
http://127.0.0.1:3333/PangeranBalitar,http://semanticweb.cs.vu.nl/2009/11/sem/Actor,Pangeran Balitar,
http://127.0.0.1:3333/PangeranAryaMataram,http://semanticweb.cs.vu.nl/2009/11/sem/Actor,Pangeran Arya Mataram,
http://127.0.0.1:3333/PangeranJagapati,http://semanticweb.cs.vu.nl/2009/11/sem/Actor,Pangeran Jagapati,
http://127.0.0.1:3333/HermanWillemDaendels,http://semanticweb.cs.vu.nl/2009/11/sem/Actor,Herman Willem Daendels,
http://127.0.0.1:3333/PersekutuanDagangHindiaTimur,http://semanticweb.cs.vu.nl/2009/11/sem/Actor,Persekutuan Dagang Hindia Timur,
http://127.0.0.1:3333/NjomanGempol,http://semanticweb.cs.vu.nl/2009/11/sem/Actor,Njoman Gempol,
http://127.0.0.1:3333/RajaSunda,http://semanticweb.cs.vu.nl/2009/11/sem/Actor,Raja Sunda,
http://127.0.0.1:3333/Nambi,http://semanticweb.cs.vu.nl/2009/11/sem/Actor,Nambi,
http://127.0.0.1:3333/HendrikvanSchopoff,http://semanticweb.cs.vu.nl/2009/11/sem/Actor,Hendrik van Schopoff,
http://127.0.0.1:3333/PasukanVOC,http://semanticweb.cs.vu.nl/2009/11/sem/Actor,Pasukan VOC,
http://127.0.0.1:3333/Majapahittimur,http://semanticweb.cs.vu.nl/2009/11/sem/Actor,Majapahit timur,
http://127.0.0.1:3333/MaharajaLinggabuana,http://semanticweb.cs.vu.nl/2009/11/sem/Actor,Maharaja Linggabuana,
http://127.0.0.1:3333/MaharajaHayamWuruk,http://semanticweb.cs.vu.nl/2009/11/sem/Actor,Maharaja Hayam Wuruk,
http://127.0.0.1:3333/MaharajaMajapahit,http://semanticweb.cs.vu.nl/2009/11/sem/Actor,Maharaja Majapahit,
http://127.0.0.1:3333/PerusahaanHindiaTimurBritania,http://semanticweb.cs.vu.nl/2009/11/sem/Actor,Perusahaan Hindia Timur Britania,
http://127.0.0.1:3333/KRTSumadiningrat,http://semanticweb.cs.vu.nl/2009/11/sem/Actor,KRT Sumadiningrat,
http://127.0.0.1:3333/Gaoxing,http://semanticweb.cs.vu.nl/2009/11/sem/Actor,Gaoxing,
http://127.0.0.1:3333/SultanMahmudBadaruddinII,http://semanticweb.cs.vu.nl/2009/11/sem/Actor,Sultan Mahmud Badaruddin II,
http://127.0.0.1:3333/TunAbdulJamil,http://semanticweb.cs.vu.nl/2009/11/sem/Actor,Tun Abdul Jamil,
http://127.0.0.1:3333/PendudukanInggrisdiJawa,http://semanticweb.cs.vu.nl/2009/11/sem/Actor,Pendudukan Inggris di Jawa,
http://127.0.0.1:3333/HugoVerijsel,http://semanticweb.cs.vu.nl/2009/11/sem/Actor,Hugo Verijsel,
http://127.0.0.1:3333/IbTakahashi,http://semanticweb.cs.vu.nl/2009/11/sem/Actor,Ib? Takahashi,
http://127.0.0.1:3333/IbTakahashi,http://semanticweb.cs.vu.nl/2009/11/sem/Actor,Ibō Takahashi,
http://127.0.0.1:3333/RichardPeirse,http://semanticweb.cs.vu.nl/2009/11/sem/Actor,Richard Peirse,
http://127.0.0.1:3333/ManueldeSousaCoutinho,http://semanticweb.cs.vu.nl/2009/11/sem/Actor,Manuel de Sousa Coutinho,
http://127.0.0.1:3333/KekaisaranTiongkokMongolDinastiYuan,http://semanticweb.cs.vu.nl/2009/11/sem/Actor,Kekaisaran Tiongkok-Mongol ( Dinasti Yuan),
http://127.0.0.1:3333/RobertStopford,http://semanticweb.cs.vu.nl/2009/11/sem/Actor,Robert Stopford,
http://127.0.0.1:3333/KerajaanBersatuBritaniaRayadanIrlandia,http://semanticweb.cs.vu.nl/2009/11/sem/Actor,Kerajaan Bersatu Britania Raya dan Irlandia,
http://127.0.0.1:3333/SamuelAuchmuty,http://semanticweb.cs.vu.nl/2009/11/sem/Actor,Samuel Auchmuty,
http://127.0.0.1:3333/drKariadi,http://semanticweb.cs.vu.nl/2009/11/sem/Actor,dr. Kariadi,
http://127.0.0.1:3333/TanJinSing,http://semanticweb.cs.vu.nl/2009/11/sem/Actor,Tan Jin Sing,
http://127.0.0.1:3333/DewaAgungJambeII,http://semanticweb.cs.vu.nl/2009/11/sem/Actor,Dewa Agung Jambe II,
http://127.0.0.1:3333/EdwardTucker,http://semanticweb.cs.vu.nl/2009/11/sem/Actor,Edward Tucker,
http://127.0.0.1:3333/TumenggungPrawirodigdoyo,http://semanticweb.cs.vu.nl/2009/11/sem/Actor,Tumenggung Prawirodigdoyo,
http://127.0.0.1:3333/Shibi,http://semanticweb.cs.vu.nl/2009/11/sem/Actor,Shi-bi,
http://127.0.0.1:3333/KerajaanSinghasari,http://semanticweb.cs.vu.nl/2009/11/sem/Actor,Kerajaan Singhasari,
http://127.0.0.1:3333/GovertKnol,http://semanticweb.cs.vu.nl/2009/11/sem/Actor,Govert Knol,
http://127.0.0.1:3333/wikipediaPerangJagaraga,http://semanticweb.cs.vu.nl/2009/11/sem/View,wikipedia Perang Jagaraga,
http://127.0.0.1:3333/wikipediaHariKampanye,http://semanticweb.cs.vu.nl/2009/11/sem/View,wikipedia Hari Kampanye,
http://127.0.0.1:3333/wikipediaPertempuranHendersonField,http://semanticweb.cs.vu.nl/2009/11/sem/View,wikipedia Pertempuran Henderson Field,
http://127.0.0.1:3333/wikipediaPerangAcehI,http://semanticweb.cs.vu.nl/2009/11/sem/View,wikipedia Perang Aceh I,
http://127.0.0.1:3333/wikipediaPerangPattimura,http://semanticweb.cs.vu.nl/2009/11/sem/View,wikipedia Perang Pattimura,
http://127.0.0.1:3333/wikipediaEkspedisiLampongse,http://semanticweb.cs.vu.nl/2009/11/sem/View,wikipedia Ekspedisi Lampongse,
http://127.0.0.1:3333/wikipediaPerangAcehII,http://semanticweb.cs.vu.nl/2009/11/sem/View,wikipedia Perang Aceh II,
http://127.0.0.1:3333/wikipediaPertempuranFilipina194142,http://semanticweb.cs.vu.nl/2009/11/sem/View,wikipedia Pertempuran Filipina (1941-42),
http://127.0.0.1:3333/wikipediaPertempuranEdsonsRidge,http://semanticweb.cs.vu.nl/2009/11/sem/View,wikipedia Pertempuran Edson's Ridge,
http://127.0.0.1:3333/IGustiBagusWedaTarka,http://semanticweb.cs.vu.nl/2009/11/sem/Actor,I Gusti Bagus Weda Tarka,
http://127.0.0.1:3333/IGustiAyuJelantik,http://semanticweb.cs.vu.nl/2009/11/sem/Actor,I Gusti Ayu Jelantik,
http://127.0.0.1:3333/IGustiAyuMadeSasih,http://semanticweb.cs.vu.nl/2009/11/sem/Actor,I Gusti Ayu Made Sasih,
http://127.0.0.1:3333/wikipediaPertempuranFilipina19411942,http://semanticweb.cs.vu.nl/2009/11/sem/View,wikipedia Pertempuran Filipina (1941-1942),
http://127.0.0.1:3333/TeukuRajaSulaiman,http://semanticweb.cs.vu.nl/2009/11/sem/Actor,Teuku Raja Sulaiman,
http://127.0.0.1:3333/TeukuBidin,http://semanticweb.cs.vu.nl/2009/11/sem/Actor,Teuku Bidin,
http://127.0.0.1:3333/CutMariyam,http://semanticweb.cs.vu.nl/2009/11/sem/Actor,Cut Mariyam,
http://127.0.0.1:3333/GBRAyHjRetnoWidanarni,http://semanticweb.cs.vu.nl/2009/11/sem/Actor,GBRAy. Hj. Retno Widanarni,
http://127.0.0.1:3333/GBRAyRetnoMartani,http://semanticweb.cs.vu.nl/2009/11/sem/Actor,GBRAy. Retno Martani,
http://127.0.0.1:3333/GBRAjRetnoPudjawati,http://semanticweb.cs.vu.nl/2009/11/sem/Actor,GBRAj. Retno Pudjawati,
http://127.0.0.1:3333/GBRAyRetnoSewayani,http://semanticweb.cs.vu.nl/2009/11/sem/Actor,GBRAy. Retno Sewayani,
http://127.0.0.1:3333/CutSjak,http://semanticweb.cs.vu.nl/2009/11/sem/Actor,Cut Sjak,
http://127.0.0.1:3333/GPHIndrokusumo,http://semanticweb.cs.vu.nl/2009/11/sem/Actor,GPH. Indrokusumo,
http://127.0.0.1:3333/GPHHTjondrokusumo,http://semanticweb.cs.vu.nl/2009/11/sem/Actor,GPH. H. Tjondrokusumo,
http://127.0.0.1:3333/GBRAyRetnoSuskamdani,http://semanticweb.cs.vu.nl/2009/11/sem/Actor,GBRAy. Retno Suskamdani,
http://127.0.0.1:3333/GPHSongkokusumo,http://semanticweb.cs.vu.nl/2009/11/sem/Actor,GPH. Songkokusumo,
http://127.0.0.1:3333/GPHHarioHarimurti,http://semanticweb.cs.vu.nl/2009/11/sem/Actor,GPH Hario Harimurti,
http://127.0.0.1:3333/GBRAyRetnoRukmini,http://semanticweb.cs.vu.nl/2009/11/sem/Actor,GBRAy. Retno Rukmini,
http://127.0.0.1:3333/CutGambang,http://semanticweb.cs.vu.nl/2009/11/sem/Actor,Cut Gambang,
http://127.0.0.1:3333/CutTeungoh,http://semanticweb.cs.vu.nl/2009/11/sem/Actor,Cut Teungoh,
http://127.0.0.1:3333/TeukuSapeh,http://semanticweb.cs.vu.nl/2009/11/sem/Actor,Teuku Sapeh,
http://127.0.0.1:3333/GPHGondhokusumo,http://semanticweb.cs.vu.nl/2009/11/sem/Actor,GPH. Gondhokusumo,
http://127.0.0.1:3333/IrGPHHProbokusumo,http://semanticweb.cs.vu.nl/2009/11/sem/Actor,Ir. GPH. H. Probokusumo,
http://127.0.0.1:3333/GPHAnglingkusumo,http://semanticweb.cs.vu.nl/2009/11/sem/Actor,GPH. Anglingkusumo,
http://127.0.0.1:3333/GPHAmbarkusumo,http://semanticweb.cs.vu.nl/2009/11/sem/Actor,GPH. Ambarkusumo,
http://127.0.0.1:3333/GBRAyRetnoSundari,http://semanticweb.cs.vu.nl/2009/11/sem/Actor,GBRAy. Retno Sundari,
http://127.0.0.1:3333/GPHWijoyokusumo,http://semanticweb.cs.vu.nl/2009/11/sem/Actor,GPH. Wijoyokusumo,
http://127.0.0.1:3333/GPHNdoyokusumo,http://semanticweb.cs.vu.nl/2009/11/sem/Actor,GPH. Ndoyokusumo,
http://127.0.0.1:3333/RMWijosenoHarioBimo,http://semanticweb.cs.vu.nl/2009/11/sem/Actor,RM Wijoseno Hario Bimo,
http://127.0.0.1:3333/GPHKusumodilogo,http://semanticweb.cs.vu.nl/2009/11/sem/Actor,GPH Kusumodilogo,
http://127.0.0.1:3333/PakuAlamIX,http://semanticweb.cs.vu.nl/2009/11/sem/Actor,Paku Alam IX,
http://127.0.0.1:3333/OeiTheLong,http://semanticweb.cs.vu.nl/2009/11/sem/Actor,Oei The Long,
http://127.0.0.1:3333/RadenAjengPatrawijaya,http://semanticweb.cs.vu.nl/2009/11/sem/Actor,Raden Ajeng Patrawijaya,
http://127.0.0.1:3333/DemangBeber,http://semanticweb.cs.vu.nl/2009/11/sem/Actor,Demang Beber,
http://127.0.0.1:3333/TeukuBenAbbas,http://semanticweb.cs.vu.nl/2009/11/sem/Actor,Teuku Ben Abbas,
http://127.0.0.1:3333/RetnoPuspitaMandarwatiKusumawardhani,http://semanticweb.cs.vu.nl/2009/11/sem/Actor,Retno Puspita Mandarwati Kusumawardhani,
http://127.0.0.1:3333/DyahRenggowatiRetnoPuasaSetyawatiKusumodewi,http://semanticweb.cs.vu.nl/2009/11/sem/Actor,Dyah Renggowati Retno Puasa Setyawati Kusumodewi,
http://127.0.0.1:3333/RetnoSetyobomaSavitriKusumoputri,http://semanticweb.cs.vu.nl/2009/11/sem/Actor,Retno Setyoboma Savitri Kusumoputri,
http://127.0.0.1:3333/Batalyon328Kostrad,http://semanticweb.cs.vu.nl/2009/11/sem/Actor,Batalyon 328 Kostrad,
http://127.0.0.1:3333/Pesindo,http://semanticweb.cs.vu.nl/2009/11/sem/Actor,Pesindo,
http://127.0.0.1:3333/wargasipilIndonesia,http://semanticweb.cs.vu.nl/2009/11/sem/Actor,warga sipil Indonesia,
http://127.0.0.1:3333/wikipediaPemberontakanPKI1948,http://semanticweb.cs.vu.nl/2009/11/sem/View,wikipedia Pemberontakan PKI 1948,
http://127.0.0.1:3333/PBI,http://semanticweb.cs.vu.nl/2009/11/sem/Actor,PBI,
http://127.0.0.1:3333/PSI,http://semanticweb.cs.vu.nl/2009/11/sem/Actor,PSI,
http://127.0.0.1:3333/PKI,http://semanticweb.cs.vu.nl/2009/11/sem/Actor,PKI,
http://127.0.0.1:3333/SOBSI,http://semanticweb.cs.vu.nl/2009/11/sem/Actor,SOBSI,
http://127.0.0.1:3333/PemudaPancasila,http://semanticweb.cs.vu.nl/2009/11/sem/Actor,Pemuda Pancasila,
http://127.0.0.1:3333/PasukanJihad,http://semanticweb.cs.vu.nl/2009/11/sem/Actor,Pasukan Jihad,
http://127.0.0.1:3333/CNRM,http://semanticweb.cs.vu.nl/2009/11/sem/Actor,CNRM,
http://127.0.0.1:3333/Kuba,http://semanticweb.cs.vu.nl/2009/11/sem/Actor,Kuba,
http://127.0.0.1:3333/RepublikSovietIndonesia,http://semanticweb.cs.vu.nl/2009/11/sem/Actor,Republik Soviet Indonesia,
http://127.0.0.1:3333/AbdulkadirAliAlhabsyi,http://semanticweb.cs.vu.nl/2009/11/sem/Actor,Abdulkadir Ali Alhabsyi,
http://127.0.0.1:3333/wikipediaPengebomanBorobudur1985,http://semanticweb.cs.vu.nl/2009/11/sem/View,wikipedia Pengeboman Borobudur 1985,
http://127.0.0.1:3333/Spanyol,http://semanticweb.cs.vu.nl/2009/11/sem/Actor,Spanyol,
http://127.0.0.1:3333/Korem132Tadulako,http://semanticweb.cs.vu.nl/2009/11/sem/Actor,Korem 132 Tadulako,
http://127.0.0.1:3333/wikipediaPeristiwa19Agustus1966,http://semanticweb.cs.vu.nl/2009/11/sem/View,wikipedia Peristiwa 19 Agustus 1966,
http://127.0.0.1:3333/MassapelajardanmahasiswadiBandung,http://semanticweb.cs.vu.nl/2009/11/sem/Actor,Massa pelajar dan mahasiswa di Bandung,
http://127.0.0.1:3333/ElemenMasyarakatKotaBandungyangmasihProBungKarno,http://semanticweb.cs.vu.nl/2009/11/sem/Actor,Elemen Masyarakat Kota Bandung yang masih Pro Bung Karno,
http://127.0.0.1:3333/LaskarKristus,http://semanticweb.cs.vu.nl/2009/11/sem/Actor,Laskar Kristus,
http://127.0.0.1:3333/BrigadeManguni,http://semanticweb.cs.vu.nl/2009/11/sem/Actor,Brigade Manguni,
http://127.0.0.1:3333/KelelawarHitam,http://semanticweb.cs.vu.nl/2009/11/sem/Actor,Kelelawar Hitam,
http://127.0.0.1:3333/LaskarMujahidah,http://semanticweb.cs.vu.nl/2009/11/sem/Actor,Laskar Mujahidah,
http://127.0.0.1:3333/TentaraNasionalKalimantanUtara,http://semanticweb.cs.vu.nl/2009/11/sem/Actor,Tentara Nasional Kalimantan Utara,
http://127.0.0.1:3333/Swedia,http://semanticweb.cs.vu.nl/2009/11/sem/Actor,Swedia,
http://127.0.0.1:3333/PSTT,http://semanticweb.cs.vu.nl/2009/11/sem/Actor,PSTT,
http://127.0.0.1:3333/UDT,http://semanticweb.cs.vu.nl/2009/11/sem/Actor,UDT,
http://127.0.0.1:3333/PasukanMerah,http://semanticweb.cs.vu.nl/2009/11/sem/Actor,Pasukan Merah,
http://127.0.0.1:3333/PemerintahanSipilHindiaBelanda,http://semanticweb.cs.vu.nl/2009/11/sem/Actor,Pemerintahan Sipil Hindia Belanda,
http://127.0.0.1:3333/KekaisaranBritania,http://semanticweb.cs.vu.nl/2009/11/sem/Actor,Kekaisaran Britania,
http://127.0.0.1:3333/KemaharajaanBritaniaIndia,http://semanticweb.cs.vu.nl/2009/11/sem/Actor,Kemaharajaan Britania India,
http://127.0.0.1:3333/wikipediaPembantaianBeutongAteueh,http://semanticweb.cs.vu.nl/2009/11/sem/View,wikipedia Pembantaian Beutong Ateueh,
http://127.0.0.1:3333/Korem011Lilawangsa,http://semanticweb.cs.vu.nl/2009/11/sem/Actor,Korem 011/Lilawangsa,
http://127.0.0.1:3333/LaskarInngBal,http://semanticweb.cs.vu.nl/2009/11/sem/Actor,Laskar Inöng Balè,
http://127.0.0.1:3333/HuseinAliAlhabsyi,http://semanticweb.cs.vu.nl/2009/11/sem/Actor,Husein Ali Alhabsyi,
http://127.0.0.1:3333/MohammadJawad,http://semanticweb.cs.vu.nl/2009/11/sem/Actor,Mohammad Jawad,
http://127.0.0.1:3333/PDRI,http://semanticweb.cs.vu.nl/2009/11/sem/Actor,PDRI,
http://127.0.0.1:3333/PRRI,http://semanticweb.cs.vu.nl/2009/11/sem/Actor,PRRI,
http://127.0.0.1:3333/UmatKatolikTimorTimur,http://semanticweb.cs.vu.nl/2009/11/sem/Actor,Umat Katolik Timor Timur,
http://127.0.0.1:3333/wikipediaPembakaranPlazaSentralKlender,http://semanticweb.cs.vu.nl/2009/11/sem/View,wikipedia Pembakaran Plaza Sentral Klender,
http://127.0.0.1:3333/WargamuslimTanjungPriok,http://semanticweb.cs.vu.nl/2009/11/sem/Actor,Warga muslim Tanjung Priok,
http://127.0.0.1:3333/Jerman,http://semanticweb.cs.vu.nl/2009/11/sem/Actor,Jerman,
http://127.0.0.1:3333/PKKU,http://semanticweb.cs.vu.nl/2009/11/sem/Actor,PKKU,
http://127.0.0.1:3333/wikipediaPengebomanMasjidNurulIman1976,http://semanticweb.cs.vu.nl/2009/11/sem/View,wikipedia Pengeboman Masjid Nurul Iman 1976,
http://127.0.0.1:3333/PRB,http://semanticweb.cs.vu.nl/2009/11/sem/Actor,PRB,
http://127.0.0.1:3333/PersemakmuranBangsaBangsa,http://semanticweb.cs.vu.nl/2009/11/sem/Actor,Persemakmuran Bangsa-Bangsa,
http://127.0.0.1:3333/LaskarMujahidin,http://semanticweb.cs.vu.nl/2009/11/sem/Actor,Laskar Mujahidin,
http://127.0.0.1:3333/PasukanKuning,http://semanticweb.cs.vu.nl/2009/11/sem/Actor,Pasukan Kuning,
http://127.0.0.1:3333/Mesir,http://semanticweb.cs.vu.nl/2009/11/sem/Actor,Mesir,
http://127.0.0.1:3333/ResimenTjakrabirawa,http://semanticweb.cs.vu.nl/2009/11/sem/Actor,Resimen Tjakrabirawa,
http://127.0.0.1:3333/PemerintahOrdeBaru,http://semanticweb.cs.vu.nl/2009/11/sem/Actor,Pemerintah Orde Baru,
http://127.0.0.1:3333/PendukungMegawatiSoekarnoputri,http://semanticweb.cs.vu.nl/2009/11/sem/Actor,Pendukung Megawati Soekarnoputri,
http://127.0.0.1:3333/WargaTimorTimur,http://semanticweb.cs.vu.nl/2009/11/sem/Actor,Warga Timor Timur,
http://127.0.0.1:3333/wikipediaPembantaianSantaCruz,http://semanticweb.cs.vu.nl/2009/11/sem/View,wikipedia Pembantaian Santa Cruz,
http://127.0.0.1:3333/AbanganJawa,http://semanticweb.cs.vu.nl/2009/11/sem/Actor,Abangan Jawa,
http://127.0.0.1:3333/BadanIntelijenNegaraIndonesia,http://semanticweb.cs.vu.nl/2009/11/sem/Actor,Badan Intelijen Negara Indonesia,
http://127.0.0.1:3333/Slowakia,http://semanticweb.cs.vu.nl/2009/11/sem/Actor,Slowakia,
http://127.0.0.1:3333/LobiJakarta,http://semanticweb.cs.vu.nl/2009/11/sem/Actor,Lobi Jakarta,
http://127.0.0.1:3333/KemaharajaanBritania,http://semanticweb.cs.vu.nl/2009/11/sem/Actor,Kemaharajaan Britania,
http://127.0.0.1:3333/wikipediaPendudukanIndonesiaatasTimorTimur,http://semanticweb.cs.vu.nl/2009/11/sem/View,wikipedia Pendudukan Indonesia atas Timor Timur,
http://127.0.0.1:3333/TentaraNasionalAceh,http://semanticweb.cs.vu.nl/2009/11/sem/Actor,Tentara Nasional Aceh,
http://127.0.0.1:3333/wikipediaPenculikanaktivis19971998,http://semanticweb.cs.vu.nl/2009/11/sem/View,wikipedia Penculikan aktivis 1997/1998,
http://127.0.0.1:3333/TentaraIndia,http://semanticweb.cs.vu.nl/2009/11/sem/Actor,Tentara India,
http://127.0.0.1:3333/wikipediaInsidenPenembakanTimika1996,http://semanticweb.cs.vu.nl/2009/11/sem/View,wikipedia Insiden Penembakan Timika 1996,
http://127.0.0.1:3333/MahasiswaIndonesiadanmasyarakatmiskinperkotaan,http://semanticweb.cs.vu.nl/2009/11/sem/Actor,Mahasiswa Indonesia dan masyarakat miskin perkotaan,
http://127.0.0.1:3333/LegiunRatuAdil,http://semanticweb.cs.vu.nl/2009/11/sem/Actor,Legiun Ratu Adil,
http://127.0.0.1:3333/wikipediaPembantaiandiIndonesia19651966,http://semanticweb.cs.vu.nl/2009/11/sem/View,wikipedia Pembantaian di Indonesia 1965–1966,
http://127.0.0.1:3333/LetjenTNIPurnHotmangarajaPanjaitan,http://semanticweb.cs.vu.nl/2009/11/sem/Actor,Letjen TNI (Purn.) Hotmangaraja Panjaitan,
http://127.0.0.1:3333/FebrioAriyoAtmojoWibowo,http://semanticweb.cs.vu.nl/2009/11/sem/Actor,Febrio Ariyo Atmojo Wibowo,
http://127.0.0.1:3333/NoviantoPrakoso,http://semanticweb.cs.vu.nl/2009/11/sem/Actor,Novianto Prakoso,
http://127.0.0.1:3333/LetjenTNIAgusWidjojo,http://semanticweb.cs.vu.nl/2009/11/sem/Actor,Letjen TNI Agus Widjojo,
http://127.0.0.1:3333/HandaraPutriIsman,http://semanticweb.cs.vu.nl/2009/11/sem/Actor,Handara Putri Isman,
http://127.0.0.1:3333/NunukIndrinuswati,http://semanticweb.cs.vu.nl/2009/11/sem/Actor,Nunuk Indrinuswati,
http://127.0.0.1:3333/VitaAriavita,http://semanticweb.cs.vu.nl/2009/11/sem/Actor,Vita Ariavita,
http://127.0.0.1:3333/VedaAmritha,http://semanticweb.cs.vu.nl/2009/11/sem/Actor,Veda Amritha,
http://127.0.0.1:3333/Milad,http://semanticweb.cs.vu.nl/2009/11/sem/Actor,Milad,
http://127.0.0.1:3333/MuammarKhadafi,http://semanticweb.cs.vu.nl/2009/11/sem/Actor,Muammar Khadafi,
http://127.0.0.1:3333/PutriAryantiHaryoWibowo,http://semanticweb.cs.vu.nl/2009/11/sem/Actor,Putri Aryanti Haryo Wibowo,
http://127.0.0.1:3333/RahmatSampurna,http://semanticweb.cs.vu.nl/2009/11/sem/Actor,Rahmat Sampurna,
http://127.0.0.1:3333/MFacrelArdafa,http://semanticweb.cs.vu.nl/2009/11/sem/Actor,M. Facrel Ardafa,
http://127.0.0.1:3333/SitiSuwandari,http://semanticweb.cs.vu.nl/2009/11/sem/Actor,Siti Suwandari,
http://127.0.0.1:3333/BataraImanuelSirait,http://semanticweb.cs.vu.nl/2009/11/sem/Actor,Batara Imanuel Sirait,
http://127.0.0.1:3333/MarsdyaTNIPurnKisendaWiranata,http://semanticweb.cs.vu.nl/2009/11/sem/Actor,Marsdya TNI (Purn.) Kisenda Wiranata,
http://127.0.0.1:3333/Adrian,http://semanticweb.cs.vu.nl/2009/11/sem/Actor,Adrian,
http://127.0.0.1:3333/AlikaDibyantaViartiTuwo,http://semanticweb.cs.vu.nl/2009/11/sem/Actor,Alika Dibyanta Viarti Tuwo,
http://127.0.0.1:3333/SriJulianti,http://semanticweb.cs.vu.nl/2009/11/sem/Actor,Sri Julianti,
http://127.0.0.1:3333/AndiAzharCakraWijaya,http://semanticweb.cs.vu.nl/2009/11/sem/Actor,Andi Azhar Cakra Wijaya,
http://127.0.0.1:3333/DaanRizal,http://semanticweb.cs.vu.nl/2009/11/sem/Actor,Daan Rizal,
http://127.0.0.1:3333/HarrySuharnokoHarbani,http://semanticweb.cs.vu.nl/2009/11/sem/Actor,Harry Suharnoko Harbani,
http://127.0.0.1:3333/YessyRianaDilliyanti,http://semanticweb.cs.vu.nl/2009/11/sem/Actor,Yessy Riana Dilliyanti,
http://127.0.0.1:3333/PontjoSutowo,http://semanticweb.cs.vu.nl/2009/11/sem/Actor,Pontjo Sutowo,
http://127.0.0.1:3333/KemalMahisa,http://semanticweb.cs.vu.nl/2009/11/sem/Actor,Kemal Mahisa,
http://127.0.0.1:3333/KisanoAlamWiranatakusumah,http://semanticweb.cs.vu.nl/2009/11/sem/Actor,Kisano Alam Wiranatakusumah,
http://127.0.0.1:3333/WiwiekDwiJudajati,http://semanticweb.cs.vu.nl/2009/11/sem/Actor,Wiwiek Dwi Judajati,
http://127.0.0.1:3333/AuraAriaGutawa,http://semanticweb.cs.vu.nl/2009/11/sem/Actor,Aura Aria Gutawa,
http://127.0.0.1:3333/AchmadIngemarLaguna,http://semanticweb.cs.vu.nl/2009/11/sem/Actor,Achmad Ingemar Laguna,
http://127.0.0.1:3333/RezanadesMohammad,http://semanticweb.cs.vu.nl/2009/11/sem/Actor,Rezanades Mohammad,
http://127.0.0.1:3333/Sugiyonopolitikus,http://semanticweb.cs.vu.nl/2009/11/sem/Actor,Sugiyono (politikus),
http://127.0.0.1:3333/AmiGumelar,http://semanticweb.cs.vu.nl/2009/11/sem/Actor,Ami Gumelar,
http://127.0.0.1:3333/AliEbram,http://semanticweb.cs.vu.nl/2009/11/sem/Actor,Ali Ebram,
http://127.0.0.1:3333/DennySuryo,http://semanticweb.cs.vu.nl/2009/11/sem/Actor,Denny Suryo,
http://127.0.0.1:3333/AndiMuhammadSuryaWijaya,http://semanticweb.cs.vu.nl/2009/11/sem/Actor,Andi Muhammad Surya Wijaya,
http://127.0.0.1:3333/MelindaPriharum,http://semanticweb.cs.vu.nl/2009/11/sem/Actor,Melinda Priharum,
http://127.0.0.1:3333/TjutRiskafemia,http://semanticweb.cs.vu.nl/2009/11/sem/Actor,Tjut Riskafemia,
http://127.0.0.1:3333/KemalHidayat,http://semanticweb.cs.vu.nl/2009/11/sem/Actor,Kemal Hidayat,
http://127.0.0.1:3333/AstridTanjung,http://semanticweb.cs.vu.nl/2009/11/sem/Actor,Astrid Tanjung,
http://127.0.0.1:3333/IrawanSuraEddy,http://semanticweb.cs.vu.nl/2009/11/sem/Actor,Irawan Sura Eddy,
http://127.0.0.1:3333/AlstonSalim,http://semanticweb.cs.vu.nl/2009/11/sem/Actor,Alston Salim,
http://127.0.0.1:3333/AryoRahayuIndra,http://semanticweb.cs.vu.nl/2009/11/sem/Actor,Aryo Rahayu Indra,
http://127.0.0.1:3333/MarahLaut,http://semanticweb.cs.vu.nl/2009/11/sem/Actor,Marah Laut,
http://127.0.0.1:3333/JibrilianAmel,http://semanticweb.cs.vu.nl/2009/11/sem/Actor,Jibrilian Amel,
http://127.0.0.1:3333/PriscillaHornay,http://semanticweb.cs.vu.nl/2009/11/sem/Actor,Priscilla Hornay,
http://127.0.0.1:3333/TeukuRenaldi,http://semanticweb.cs.vu.nl/2009/11/sem/Actor,Teuku Renaldi,
http://127.0.0.1:3333/MutassimKhadafi,http://semanticweb.cs.vu.nl/2009/11/sem/Actor,Mutassim Khadafi,
http://127.0.0.1:3333/SriSulaksmiDamayanti,http://semanticweb.cs.vu.nl/2009/11/sem/Actor,Sri Sulaksmi Damayanti,
http://127.0.0.1:3333/NinukMardianaPambudy,http://semanticweb.cs.vu.nl/2009/11/sem/Actor,Ninuk Mardiana Pambudy,
http://127.0.0.1:3333/ShafaSabilaFadliZara,http://semanticweb.cs.vu.nl/2009/11/sem/Actor,Shafa Sabila Fadli Zara,
http://127.0.0.1:3333/RagowoHediprasetyoDjojohadikoesoemo,http://semanticweb.cs.vu.nl/2009/11/sem/Actor,Ragowo Hediprasetyo Djojohadikoesoemo,
http://127.0.0.1:3333/AyuGembirowati,http://semanticweb.cs.vu.nl/2009/11/sem/Actor,Ayu Gembirowati,
http://127.0.0.1:3333/SriWulandari,http://semanticweb.cs.vu.nl/2009/11/sem/Actor,Sri Wulandari ,
http://127.0.0.1:3333/InayatiDzilIzzati,http://semanticweb.cs.vu.nl/2009/11/sem/Actor,Inayati Dzil Izzati,
http://127.0.0.1:3333/ErlanggaSuryadarma,http://semanticweb.cs.vu.nl/2009/11/sem/Actor,Erlangga Suryadarma,
http://127.0.0.1:3333/IkarFatahillah,http://semanticweb.cs.vu.nl/2009/11/sem/Actor,Ikar Fatahillah,
http://127.0.0.1:3333/AllaKhairi,http://semanticweb.cs.vu.nl/2009/11/sem/Actor,Alla Khairi,
http://127.0.0.1:3333/EvacSMintaredja,http://semanticweb.cs.vu.nl/2009/11/sem/Actor,Evac S Mintaredja,
http://127.0.0.1:3333/LuckyAliMoerfiqin,http://semanticweb.cs.vu.nl/2009/11/sem/Actor,Lucky Ali Moerfiqin,
http://127.0.0.1:3333/BarotoJokoNugroho,http://semanticweb.cs.vu.nl/2009/11/sem/Actor,Baroto Joko Nugroho,
http://127.0.0.1:3333/RatnaJuami,http://semanticweb.cs.vu.nl/2009/11/sem/Actor,Ratna Juami,
http://127.0.0.1:3333/IndraIdris,http://semanticweb.cs.vu.nl/2009/11/sem/Actor,Indra Idris,
http://127.0.0.1:3333/MuhammadHaikalBawazier,http://semanticweb.cs.vu.nl/2009/11/sem/Actor,Muhammad Haikal Bawazier,
http://127.0.0.1:3333/AbdulHarielNasution,http://semanticweb.cs.vu.nl/2009/11/sem/Actor,Abdul Hariel Nasution,
http://127.0.0.1:3333/KrisnawatiPurwaningrum,http://semanticweb.cs.vu.nl/2009/11/sem/Actor,Krisnawati Purwaningrum,
http://127.0.0.1:3333/RennyYosnitaAriyanti,http://semanticweb.cs.vu.nl/2009/11/sem/Actor,Renny Yosnita Ariyanti,
http://127.0.0.1:3333/ThariqKemal,http://semanticweb.cs.vu.nl/2009/11/sem/Actor,Thariq Kemal,
http://127.0.0.1:3333/PuteriModiyanti,http://semanticweb.cs.vu.nl/2009/11/sem/Actor,Puteri Modiyanti,
http://127.0.0.1:3333/DoddyKatamsi,http://semanticweb.cs.vu.nl/2009/11/sem/Actor,Doddy Katamsi,
http://127.0.0.1:3333/RetnoCahyaningtyas,http://semanticweb.cs.vu.nl/2009/11/sem/Actor,Retno Cahyaningtyas,
http://127.0.0.1:3333/AndiFitriIndrayani,http://semanticweb.cs.vu.nl/2009/11/sem/Actor,Andi Fitri Indrayani,
http://127.0.0.1:3333/AntarYumaTulisaWiranatakusumah,http://semanticweb.cs.vu.nl/2009/11/sem/Actor,Antar Yuma Tulisa Wiranatakusumah,
http://127.0.0.1:3333/RatnaKatamsi,http://semanticweb.cs.vu.nl/2009/11/sem/Actor,Ratna Katamsi,
http://127.0.0.1:3333/YusufTanjung,http://semanticweb.cs.vu.nl/2009/11/sem/Actor,Yusuf Tanjung,
http://127.0.0.1:3333/MiraSalim,http://semanticweb.cs.vu.nl/2009/11/sem/Actor,Mira Salim,
http://127.0.0.1:3333/KrisnaMurthy,http://semanticweb.cs.vu.nl/2009/11/sem/Actor,Krisna Murthy,
http://127.0.0.1:3333/AnonBadariah,http://semanticweb.cs.vu.nl/2009/11/sem/Actor,Anon Badariah,
http://127.0.0.1:3333/IndrawanBudiPrasetyo,http://semanticweb.cs.vu.nl/2009/11/sem/Actor,Indrawan Budi Prasetyo,
http://127.0.0.1:3333/SashaKarinaTutupoly,http://semanticweb.cs.vu.nl/2009/11/sem/Actor,Sasha Karina Tutupoly,
http://127.0.0.1:3333/NenengAmaliaDendawacana,http://semanticweb.cs.vu.nl/2009/11/sem/Actor,Neneng Amalia Dendawacana,
http://127.0.0.1:3333/NoerNittaNazyra,http://semanticweb.cs.vu.nl/2009/11/sem/Actor,NoerNitta Nazyra,
http://127.0.0.1:3333/DavidPandjaitan,http://semanticweb.cs.vu.nl/2009/11/sem/Actor,David Pandjaitan,
http://127.0.0.1:3333/FenellaHornay,http://semanticweb.cs.vu.nl/2009/11/sem/Actor,Fenella Hornay,
http://127.0.0.1:3333/HariIndraUtama,http://semanticweb.cs.vu.nl/2009/11/sem/Actor,Hari Indra Utama,
http://127.0.0.1:3333/SarahSuciAliciaSitompul,http://semanticweb.cs.vu.nl/2009/11/sem/Actor,Sarah Suci Alicia Sitompul,
http://127.0.0.1:3333/IGustiNgurahAlitYudha,http://semanticweb.cs.vu.nl/2009/11/sem/Actor,I Gusti Ngurah Alit Yudha,
http://127.0.0.1:3333/ChristianHuseinSitompul,http://semanticweb.cs.vu.nl/2009/11/sem/Actor,Christian Husein Sitompul,
http://127.0.0.1:3333/GianPutraWirjawan,http://semanticweb.cs.vu.nl/2009/11/sem/Actor,Gian Putra Wirjawan,
http://127.0.0.1:3333/MaxiHidayat,http://semanticweb.cs.vu.nl/2009/11/sem/Actor,Maxi Hidayat,
http://127.0.0.1:3333/AnandaKertaIranaWibowo,http://semanticweb.cs.vu.nl/2009/11/sem/Actor,Ananda Kerta Irana Wibowo,
http://127.0.0.1:3333/HarrisAliMoerfi,http://semanticweb.cs.vu.nl/2009/11/sem/Actor,Harris Ali Moerfi,
http://127.0.0.1:3333/RomaSophiaan,http://semanticweb.cs.vu.nl/2009/11/sem/Actor,Roma Sophiaan,
http://127.0.0.1:3333/WiratamaHadiRachmanto,http://semanticweb.cs.vu.nl/2009/11/sem/Actor,Wiratama Hadi Rachmanto,
http://127.0.0.1:3333/RonaldoGuterres,http://semanticweb.cs.vu.nl/2009/11/sem/Actor,Ronaldo Guterres,
http://127.0.0.1:3333/NaniNurrachman,http://semanticweb.cs.vu.nl/2009/11/sem/Actor,Nani Nurrachman,
http://127.0.0.1:3333/Riswulan,http://semanticweb.cs.vu.nl/2009/11/sem/Actor,Riswulan,
http://127.0.0.1:3333/AryoSeto,http://semanticweb.cs.vu.nl/2009/11/sem/Actor,Aryo Seto,
http://127.0.0.1:3333/DiahSakinah,http://semanticweb.cs.vu.nl/2009/11/sem/Actor,Diah Sakinah,
http://127.0.0.1:3333/EdwinSunawarSukowati,http://semanticweb.cs.vu.nl/2009/11/sem/Actor,Edwin Sunawar Sukowati,
http://127.0.0.1:3333/TegarArsonoYudho,http://semanticweb.cs.vu.nl/2009/11/sem/Actor,Tegar Arsono Yudho,
http://127.0.0.1:3333/HeriyantoTahir,http://semanticweb.cs.vu.nl/2009/11/sem/Actor,Heriyanto Tahir,
http://127.0.0.1:3333/SitiIslamiyah,http://semanticweb.cs.vu.nl/2009/11/sem/Actor,Siti Islamiyah,
http://127.0.0.1:3333/FahmiSaifuddin,http://semanticweb.cs.vu.nl/2009/11/sem/Actor,Fahmi Saifuddin,
http://127.0.0.1:3333/RomySophiaan,http://semanticweb.cs.vu.nl/2009/11/sem/Actor,Romy Sophiaan,
http://127.0.0.1:3333/IraHasydaHarahap,http://semanticweb.cs.vu.nl/2009/11/sem/Actor,Ira Hasyda Harahap,
http://127.0.0.1:3333/IrHarjonoSigitBachroensalam,http://semanticweb.cs.vu.nl/2009/11/sem/Actor,Ir. Harjono Sigit Bachroensalam,
http://127.0.0.1:3333/TriSusantiIndrayani,http://semanticweb.cs.vu.nl/2009/11/sem/Actor,Tri Susanti Indrayani,
http://127.0.0.1:3333/SoekarnoTaufanSoekarnoputra,http://semanticweb.cs.vu.nl/2009/11/sem/Actor,Soekarno Taufan Soekarnoputra,
http://127.0.0.1:3333/TjutRifiana,http://semanticweb.cs.vu.nl/2009/11/sem/Actor,Tjut Rifiana,
http://127.0.0.1:3333/QuesadhipVasconcelos,http://semanticweb.cs.vu.nl/2009/11/sem/Actor,Quesadhip Vasconcelos,
http://127.0.0.1:3333/LaksamanaMudaTNIPurnAdiPrabawa,http://semanticweb.cs.vu.nl/2009/11/sem/Actor,Laksamana Muda TNI (Purn.) Adi Prabawa,
http://127.0.0.1:3333/PaulinaPandjaitan,http://semanticweb.cs.vu.nl/2009/11/sem/Actor,Paulina Pandjaitan,
http://127.0.0.1:3333/GiaPutriWirjawan,http://semanticweb.cs.vu.nl/2009/11/sem/Actor,Gia Putri Wirjawan,
http://127.0.0.1:3333/HudiSuharnokoHarbani,http://semanticweb.cs.vu.nl/2009/11/sem/Actor,Hudi Suharnoko Harbani,
http://127.0.0.1:3333/JosLobato,http://semanticweb.cs.vu.nl/2009/11/sem/Actor,José Lobato,
http://127.0.0.1:3333/AriyatiSihwarini,http://semanticweb.cs.vu.nl/2009/11/sem/Actor,Ariyati Sihwarini,
http://127.0.0.1:3333/IsnaMarifa,http://semanticweb.cs.vu.nl/2009/11/sem/Actor,Isna Marifa,
http://127.0.0.1:3333/FajriFitrahHutomo,http://semanticweb.cs.vu.nl/2009/11/sem/Actor,Fajri Fitrah Hutomo,
http://127.0.0.1:3333/DewiSuryo,http://semanticweb.cs.vu.nl/2009/11/sem/Actor,Dewi Suryo,
http://127.0.0.1:3333/MichaelWowor,http://semanticweb.cs.vu.nl/2009/11/sem/Actor,Michael Wowor,
http://127.0.0.1:3333/MasaArestina,http://semanticweb.cs.vu.nl/2009/11/sem/Actor,Masa Arestina,
http://127.0.0.1:3333/HannaKhadafi,http://semanticweb.cs.vu.nl/2009/11/sem/Actor,Hanna Khadafi,
http://127.0.0.1:3333/HenrieAugustLiddellKumaat,http://semanticweb.cs.vu.nl/2009/11/sem/Actor,Henrie August Liddell Kumaat,
http://127.0.0.1:3333/MelindaAksa,http://semanticweb.cs.vu.nl/2009/11/sem/Actor,Melinda Aksa,
http://127.0.0.1:3333/AndiJavaSinjaya,http://semanticweb.cs.vu.nl/2009/11/sem/Actor,Andi Java Sinjaya,
http://127.0.0.1:3333/AdeIdris,http://semanticweb.cs.vu.nl/2009/11/sem/Actor,Ade Idris,
http://127.0.0.1:3333/StefaniWowor,http://semanticweb.cs.vu.nl/2009/11/sem/Actor,Stefani Wowor,
http://127.0.0.1:3333/FerryIdris,http://semanticweb.cs.vu.nl/2009/11/sem/Actor,Ferry Idris,
http://127.0.0.1:3333/SoejonoDjojohadikoesoemo,http://semanticweb.cs.vu.nl/2009/11/sem/Actor,Soejono Djojohadikoesoemo,
http://127.0.0.1:3333/AtiraAksa,http://semanticweb.cs.vu.nl/2009/11/sem/Actor,Atira Aksa,
http://127.0.0.1:3333/BayuSoekarnoputra,http://semanticweb.cs.vu.nl/2009/11/sem/Actor,Bayu Soekarnoputra,
http://127.0.0.1:3333/DeniAkendraAlex,http://semanticweb.cs.vu.nl/2009/11/sem/Actor,Deni Akendra Alex,
http://127.0.0.1:3333/RoxanneSitiAminahKurniatiWiranatakusumah,http://semanticweb.cs.vu.nl/2009/11/sem/Actor,Roxanne Siti Aminah Kurniati Wiranatakusumah,
http://127.0.0.1:3333/Sudiono,http://semanticweb.cs.vu.nl/2009/11/sem/Actor,Sudiono,
http://127.0.0.1:3333/CahyonoIndrakusuma,http://semanticweb.cs.vu.nl/2009/11/sem/Actor,Cahyono Indrakusuma,
http://127.0.0.1:3333/FikarRizki,http://semanticweb.cs.vu.nl/2009/11/sem/Actor,Fikar Rizki,
http://127.0.0.1:3333/ArimbiPutriRininta,http://semanticweb.cs.vu.nl/2009/11/sem/Actor,Arimbi Putri Rininta,
http://127.0.0.1:3333/ChaerulPermataCita,http://semanticweb.cs.vu.nl/2009/11/sem/Actor,Chaerul Permata Cita,
http://127.0.0.1:3333/BambangPermadiAmirMachmud,http://semanticweb.cs.vu.nl/2009/11/sem/Actor,Bambang Permadi Amir Machmud,
http://127.0.0.1:3333/IrianaTrimurthy,http://semanticweb.cs.vu.nl/2009/11/sem/Actor,Iriana Trimurthy,
http://127.0.0.1:3333/RelindaPriharum,http://semanticweb.cs.vu.nl/2009/11/sem/Actor,Relinda Priharum,
http://127.0.0.1:3333/ArmyDianti,http://semanticweb.cs.vu.nl/2009/11/sem/Actor,Army Dianti,
http://127.0.0.1:3333/DianIslamiati,http://semanticweb.cs.vu.nl/2009/11/sem/Actor,Dian Islamiati,
http://127.0.0.1:3333/IrviandraFathanGusman,http://semanticweb.cs.vu.nl/2009/11/sem/Actor,Irviandra Fathan Gusman,
http://127.0.0.1:3333/IreneRatnawatiRusli,http://semanticweb.cs.vu.nl/2009/11/sem/Actor,Irene Ratnawati Rusli,
http://127.0.0.1:3333/drhKaniaRifaIradatya,http://semanticweb.cs.vu.nl/2009/11/sem/Actor,drh. Kania Rifa Iradatya,
http://127.0.0.1:3333/KuntoAriefWibowo,http://semanticweb.cs.vu.nl/2009/11/sem/Actor,Kunto Arief Wibowo,
http://127.0.0.1:3333/RiriBudiasriPandjaitan,http://semanticweb.cs.vu.nl/2009/11/sem/Actor,Riri Budiasri Pandjaitan,
http://127.0.0.1:3333/TuthyKamaratiPandjaitan,http://semanticweb.cs.vu.nl/2009/11/sem/Actor,Tuthy Kamarati Pandjaitan,
http://127.0.0.1:3333/YuliaSaprita,http://semanticweb.cs.vu.nl/2009/11/sem/Actor,Yulia Saprita,
http://127.0.0.1:3333/AwaniduhitaPriyanti,http://semanticweb.cs.vu.nl/2009/11/sem/Actor,Awaniduhita Priyanti,
http://127.0.0.1:3333/SalatielHornay,http://semanticweb.cs.vu.nl/2009/11/sem/Actor,Salatiel Hornay,
http://127.0.0.1:3333/Ryamuazzamsyah,http://semanticweb.cs.vu.nl/2009/11/sem/Actor,Ryamuazzamsyah,
http://127.0.0.1:3333/BambangPurwanto,http://semanticweb.cs.vu.nl/2009/11/sem/Actor,Bambang Purwanto,
http://127.0.0.1:3333/OwenCaprioSitompul,http://semanticweb.cs.vu.nl/2009/11/sem/Actor,Owen Caprio Sitompul,
http://127.0.0.1:3333/AnggiaFabelita,http://semanticweb.cs.vu.nl/2009/11/sem/Actor,Anggia Fabelita,
http://127.0.0.1:3333/AndiAzliaSinjaya,http://semanticweb.cs.vu.nl/2009/11/sem/Actor,Andi Azlia Sinjaya,
http://127.0.0.1:3333/JohanBaktiPorseaSiraitMiraSirait,http://semanticweb.cs.vu.nl/2009/11/sem/Actor,Johan Bakti Porsea Sirait Mira Sirait,
http://127.0.0.1:3333/MandiraIsman,http://semanticweb.cs.vu.nl/2009/11/sem/Actor,Mandira Isman,
http://127.0.0.1:3333/DaffiMuhammadHidayat,http://semanticweb.cs.vu.nl/2009/11/sem/Actor,Daffi Muhammad Hidayat,
http://127.0.0.1:3333/AswinKartiko,http://semanticweb.cs.vu.nl/2009/11/sem/Actor,Aswin Kartiko,
http://127.0.0.1:3333/SriSulistiowati,http://semanticweb.cs.vu.nl/2009/11/sem/Actor,Sri Sulistiowati,
http://127.0.0.1:3333/JulioTimotiusMantiri,http://semanticweb.cs.vu.nl/2009/11/sem/Actor,Julio Timotius Mantiri,
http://127.0.0.1:3333/HarrySantoso,http://semanticweb.cs.vu.nl/2009/11/sem/Actor,Harry Santoso,
http://127.0.0.1:3333/PrasetyoSutowo,http://semanticweb.cs.vu.nl/2009/11/sem/Actor,Prasetyo Sutowo,
http://127.0.0.1:3333/SyalifHilmiPutrawan,http://semanticweb.cs.vu.nl/2009/11/sem/Actor,Syalif Hilmi Putrawan,
http://127.0.0.1:3333/GibranPutraWirjawan,http://semanticweb.cs.vu.nl/2009/11/sem/Actor,Gibran Putra Wirjawan,
http://127.0.0.1:3333/KolonelInfAndiGunawan,http://semanticweb.cs.vu.nl/2009/11/sem/Actor,Kolonel Inf. Andi Gunawan,
http://127.0.0.1:3333/MayaSuharnokoHarbani,http://semanticweb.cs.vu.nl/2009/11/sem/Actor,Maya Suharnoko Harbani,
http://127.0.0.1:3333/DwieRiawennySNasution,http://semanticweb.cs.vu.nl/2009/11/sem/Actor,Dwie Riawenny S. Nasution,
http://127.0.0.1:3333/ShindiSutowo,http://semanticweb.cs.vu.nl/2009/11/sem/Actor,Shindi Sutowo,
http://127.0.0.1:3333/IGustiNgurahGedeYudana,http://semanticweb.cs.vu.nl/2009/11/sem/Actor,I Gusti Ngurah Gede Yudana,
http://127.0.0.1:3333/HardiniSurjaningsih,http://semanticweb.cs.vu.nl/2009/11/sem/Actor,Hardini Surjaningsih,
http://127.0.0.1:3333/AmaliaSianti,http://semanticweb.cs.vu.nl/2009/11/sem/Actor,Amalia Sianti,
http://127.0.0.1:3333/AttilaNuhAchmadNasranWiranatakusumah,http://semanticweb.cs.vu.nl/2009/11/sem/Actor,Attila Nuh Achmad Nasran Wiranatakusumah,
http://127.0.0.1:3333/AdityawarmanSuryadarma,http://semanticweb.cs.vu.nl/2009/11/sem/Actor,Adityawarman Suryadarma,
http://127.0.0.1:3333/PurwantoIndrawan,http://semanticweb.cs.vu.nl/2009/11/sem/Actor,Purwanto Indrawan,
http://127.0.0.1:3333/ImanFalucki,http://semanticweb.cs.vu.nl/2009/11/sem/Actor,Iman Falucki,
http://127.0.0.1:3333/TjutRifiandra,http://semanticweb.cs.vu.nl/2009/11/sem/Actor,Tjut Rifiandra,
http://127.0.0.1:3333/NayakaUntaraNurulInsaniHidayati,http://semanticweb.cs.vu.nl/2009/11/sem/Actor,Nayaka Untara Nurul Insani Hidayati,
http://127.0.0.1:3333/GayantiHutami,http://semanticweb.cs.vu.nl/2009/11/sem/Actor,Gayanti Hutami,
http://127.0.0.1:3333/EddySarosa,http://semanticweb.cs.vu.nl/2009/11/sem/Actor,Eddy Sarosa,
http://127.0.0.1:3333/SadikinAksa,http://semanticweb.cs.vu.nl/2009/11/sem/Actor,Sadikin Aksa,
http://127.0.0.1:3333/IGustiNgurahTantra,http://semanticweb.cs.vu.nl/2009/11/sem/Actor,I Gusti Ngurah Tantra,
http://127.0.0.1:3333/JasonHornay,http://semanticweb.cs.vu.nl/2009/11/sem/Actor,Jason Hornay,
http://127.0.0.1:3333/BelindaPriharum,http://semanticweb.cs.vu.nl/2009/11/sem/Actor,Belinda Priharum,
http://127.0.0.1:3333/IrItaSetiaWati,http://semanticweb.cs.vu.nl/2009/11/sem/Actor,Ir. Ita Setia Wati,
http://127.0.0.1:3333/WedhiaPurwaningsih,http://semanticweb.cs.vu.nl/2009/11/sem/Actor,Wedhia Purwaningsih,
http://127.0.0.1:3333/ZenildaGusmo,http://semanticweb.cs.vu.nl/2009/11/sem/Actor,Zenilda Gusmão,
http://127.0.0.1:3333/IrIngSalomoPandjaitan,http://semanticweb.cs.vu.nl/2009/11/sem/Actor,Ir (Ing) Salomo Pandjaitan,
http://127.0.0.1:3333/Rijalulhaq,http://semanticweb.cs.vu.nl/2009/11/sem/Actor,Rijalulhaq,
http://127.0.0.1:3333/IreneRiaMoerdani,http://semanticweb.cs.vu.nl/2009/11/sem/Actor,Irene Ria Moerdani,
http://127.0.0.1:3333/MastutiRahayu,http://semanticweb.cs.vu.nl/2009/11/sem/Actor,Mastuti Rahayu,
http://127.0.0.1:3333/AhmadNovianNasution,http://semanticweb.cs.vu.nl/2009/11/sem/Actor,Ahmad Novian Nasution,
http://127.0.0.1:3333/IrIwanDarmawan,http://semanticweb.cs.vu.nl/2009/11/sem/Actor,Ir. Iwan Darmawan,
http://127.0.0.1:3333/IrviandariAlestyaGusman,http://semanticweb.cs.vu.nl/2009/11/sem/Actor,Irviandari Alestya Gusman,
http://127.0.0.1:3333/IqbalRamadhan,http://semanticweb.cs.vu.nl/2009/11/sem/Actor,Iqbal Ramadhan,
http://127.0.0.1:3333/MohammadRizkiPratama,http://semanticweb.cs.vu.nl/2009/11/sem/Actor,Mohammad Rizki Pratama,
http://127.0.0.1:3333/PaulusPandjaitan,http://semanticweb.cs.vu.nl/2009/11/sem/Actor,Paulus Pandjaitan ,
http://127.0.0.1:3333/AmeliaFarinaSalim,http://semanticweb.cs.vu.nl/2009/11/sem/Actor,Amelia Farina Salim,
http://127.0.0.1:3333/IrvianjaniAudriaGusman,http://semanticweb.cs.vu.nl/2009/11/sem/Actor,Irvianjani Audria Gusman,
http://127.0.0.1:3333/ALukitoWanandi,http://semanticweb.cs.vu.nl/2009/11/sem/Actor,A Lukito Wanandi,
http://127.0.0.1:3333/AndriSuharnokoHarbani,http://semanticweb.cs.vu.nl/2009/11/sem/Actor,Andri Suharnoko Harbani,
http://127.0.0.1:3333/BrigjenTNIPurnImanBudiman,http://semanticweb.cs.vu.nl/2009/11/sem/Actor,Brigjen TNI (Purn.) Iman Budiman,
http://127.0.0.1:3333/BarotoArioIsman,http://semanticweb.cs.vu.nl/2009/11/sem/Actor,Baroto Ario Isman,
http://127.0.0.1:3333/Nursandrya,http://semanticweb.cs.vu.nl/2009/11/sem/Actor,Nursandrya,
http://127.0.0.1:3333/InayaSutowo,http://semanticweb.cs.vu.nl/2009/11/sem/Actor,Inaya Sutowo,
http://127.0.0.1:3333/SubhanAksa,http://semanticweb.cs.vu.nl/2009/11/sem/Actor,Subhan Aksa,
http://127.0.0.1:3333/DianAnggieariestaNasution,http://semanticweb.cs.vu.nl/2009/11/sem/Actor,Dian Anggieariesta Nasution,
http://127.0.0.1:3333/CatherinePandjaitan,http://semanticweb.cs.vu.nl/2009/11/sem/Actor,Catherine Pandjaitan,
http://127.0.0.1:3333/BiantiningsihMiderawatiDjiwandono,http://semanticweb.cs.vu.nl/2009/11/sem/Actor,Biantiningsih Miderawati Djiwandono,
http://127.0.0.1:3333/MuhammadKhadafi,http://semanticweb.cs.vu.nl/2009/11/sem/Actor,Muhammad Khadafi,
http://127.0.0.1:3333/HenryDianPanjaitan,http://semanticweb.cs.vu.nl/2009/11/sem/Actor,Henry Dian Panjaitan,
http://127.0.0.1:3333/SuriAdlina,http://semanticweb.cs.vu.nl/2009/11/sem/Actor,Suri Adlina,
http://127.0.0.1:3333/DewiYustisiana,http://semanticweb.cs.vu.nl/2009/11/sem/Actor,Dewi Yustisiana,
http://127.0.0.1:3333/YasserTanjung,http://semanticweb.cs.vu.nl/2009/11/sem/Actor,Yasser Tanjung,
http://127.0.0.1:3333/TriHarwanto,http://semanticweb.cs.vu.nl/2009/11/sem/Actor,Tri Harwanto,
http://127.0.0.1:3333/AhmadBaihaqiRais,http://semanticweb.cs.vu.nl/2009/11/sem/Actor,Ahmad Baihaqi Rais,
http://127.0.0.1:3333/DewiDamayanti,http://semanticweb.cs.vu.nl/2009/11/sem/Actor,Dewi Damayanti,
http://127.0.0.1:3333/EmmanuelLestartoWanandi,http://semanticweb.cs.vu.nl/2009/11/sem/Actor,Emmanuel Lestarto Wanandi,
http://127.0.0.1:3333/YassinYanuar,http://semanticweb.cs.vu.nl/2009/11/sem/Actor,Yassin Yanuar,
http://127.0.0.1:3333/UntungMufreni,http://semanticweb.cs.vu.nl/2009/11/sem/Actor,Untung Mufreni,
http://127.0.0.1:3333/Kartika,http://semanticweb.cs.vu.nl/2009/11/sem/Actor,Kartika,
http://127.0.0.1:3333/IdaBagusPutraDiksotamaMantra,http://semanticweb.cs.vu.nl/2009/11/sem/Actor,Ida Bagus Putra Diksotama Mantra,
http://127.0.0.1:3333/IdaBagusOkaUdayana,http://semanticweb.cs.vu.nl/2009/11/sem/Actor,Ida Bagus Oka Udayana,
http://127.0.0.1:3333/AndreeHalim,http://semanticweb.cs.vu.nl/2009/11/sem/Actor,Andree Halim,
http://127.0.0.1:3333/TasniemFauziaRais,http://semanticweb.cs.vu.nl/2009/11/sem/Actor,Tasniem Fauzia Rais,
http://127.0.0.1:3333/GaluhWandita,http://semanticweb.cs.vu.nl/2009/11/sem/Actor,Galuh Wandita,
http://127.0.0.1:3333/DiandaCarriskaWibowo,http://semanticweb.cs.vu.nl/2009/11/sem/Actor,Dianda Carriska Wibowo,
http://127.0.0.1:3333/TamarisaVasconcelos,http://semanticweb.cs.vu.nl/2009/11/sem/Actor,Tamarisa Vasconcelos,
http://127.0.0.1:3333/HeraminaSutowo,http://semanticweb.cs.vu.nl/2009/11/sem/Actor,Heramina Sutowo,
http://127.0.0.1:3333/RaisuliAbinArsyad,http://semanticweb.cs.vu.nl/2009/11/sem/Actor,Raisuli Abin Arsyad,
http://127.0.0.1:3333/ChitraSubiyakto,http://semanticweb.cs.vu.nl/2009/11/sem/Actor,Chitra Subiyakto,
http://127.0.0.1:3333/AdwinaArsyita,http://semanticweb.cs.vu.nl/2009/11/sem/Actor,Adwina Arsyita,
http://127.0.0.1:3333/AliciaCloutilde,http://semanticweb.cs.vu.nl/2009/11/sem/Actor,Alicia Cloutilde,
http://127.0.0.1:3333/IdaBagusGedeWiraWibawaMantra,http://semanticweb.cs.vu.nl/2009/11/sem/Actor,Ida Bagus Gede Wira Wibawa Mantra,
http://127.0.0.1:3333/WrahastiCendrawasih,http://semanticweb.cs.vu.nl/2009/11/sem/Actor,Wrahasti Cendrawasih,
http://127.0.0.1:3333/AlexandreGusmo,http://semanticweb.cs.vu.nl/2009/11/sem/Actor,Alexandre Gusmão,
http://127.0.0.1:3333/BudhiSoejono,http://semanticweb.cs.vu.nl/2009/11/sem/Actor,Budhi Soejono,
http://127.0.0.1:3333/LetitiaHornay,http://semanticweb.cs.vu.nl/2009/11/sem/Actor,Letitia Hornay,
http://127.0.0.1:3333/AnikUmiHeriyani,http://semanticweb.cs.vu.nl/2009/11/sem/Actor,Anik Umi Heriyani,
http://127.0.0.1:3333/Herwindo,http://semanticweb.cs.vu.nl/2009/11/sem/Actor,Herwindo,
http://127.0.0.1:3333/Santi,http://semanticweb.cs.vu.nl/2009/11/sem/Actor,Santi,
http://127.0.0.1:3333/IlhamThareq,http://semanticweb.cs.vu.nl/2009/11/sem/Actor,Ilham Thareq,
http://127.0.0.1:3333/TaufanSoekarnoputra,http://semanticweb.cs.vu.nl/2009/11/sem/Actor,Taufan Soekarnoputra,
http://127.0.0.1:3333/HendriantiSaharah,http://semanticweb.cs.vu.nl/2009/11/sem/Actor,Hendrianti Saharah,
http://127.0.0.1:3333/MohammadPranandaPrabowo,http://semanticweb.cs.vu.nl/2009/11/sem/Actor,Mohammad Prananda Prabowo,
http://127.0.0.1:3333/AhmadSuyud,http://semanticweb.cs.vu.nl/2009/11/sem/Actor,Ahmad Suyud,
http://127.0.0.1:3333/AnitaHayatunnufus,http://semanticweb.cs.vu.nl/2009/11/sem/Actor,Anita Hayatunnufus,
http://127.0.0.1:3333/DewiDamayani,http://semanticweb.cs.vu.nl/2009/11/sem/Actor,Dewi Damayani,
http://127.0.0.1:3333/RyaIrawan,http://semanticweb.cs.vu.nl/2009/11/sem/Actor,Rya Irawan,
http://127.0.0.1:3333/KerriPandjaitan,http://semanticweb.cs.vu.nl/2009/11/sem/Actor,Kerri Pandjaitan,
http://127.0.0.1:3333/PaulusWitarsaWanandi,http://semanticweb.cs.vu.nl/2009/11/sem/Actor,Paulus Witarsa Wanandi,
http://127.0.0.1:3333/SaryantoSarbini,http://semanticweb.cs.vu.nl/2009/11/sem/Actor,Saryanto Sarbini,
http://127.0.0.1:3333/RullyHidayat,http://semanticweb.cs.vu.nl/2009/11/sem/Actor,Rully Hidayat,
http://127.0.0.1:3333/AlbertSalim,http://semanticweb.cs.vu.nl/2009/11/sem/Actor,Albert Salim,
http://127.0.0.1:3333/WijiasihCahyasasi,http://semanticweb.cs.vu.nl/2009/11/sem/Actor,Wijiasih Cahyasasi,
http://127.0.0.1:3333/HaryoPutraNugrohoWibowo,http://semanticweb.cs.vu.nl/2009/11/sem/Actor,Haryo Putra Nugroho Wibowo ,
http://127.0.0.1:3333/MayaWiranto,http://semanticweb.cs.vu.nl/2009/11/sem/Actor,Maya Wiranto,
http://127.0.0.1:3333/AniOrandaPanjaitan,http://semanticweb.cs.vu.nl/2009/11/sem/Actor,Ani Oranda Panjaitan,
http://127.0.0.1:3333/NugraSutowo,http://semanticweb.cs.vu.nl/2009/11/sem/Actor,Nugra Sutowo,
http://127.0.0.1:3333/BarunoSapto,http://semanticweb.cs.vu.nl/2009/11/sem/Actor,Baruno Sapto,
http://127.0.0.1:3333/KayOlokGusmo,http://semanticweb.cs.vu.nl/2009/11/sem/Actor,Kay Olok Gusmão,
http://127.0.0.1:3333/DaffaMuhammadHidayat,http://semanticweb.cs.vu.nl/2009/11/sem/Actor,Daffa Muhammad Hidayat,
http://127.0.0.1:3333/SaifalArabKhadafi,http://semanticweb.cs.vu.nl/2009/11/sem/Actor,Saif al-Arab Khadafi,
http://127.0.0.1:3333/RadirgaPratomo,http://semanticweb.cs.vu.nl/2009/11/sem/Actor,Radirga Pratomo,
http://127.0.0.1:3333/DiviaFaradiba,http://semanticweb.cs.vu.nl/2009/11/sem/Actor,Divia Faradiba,
http://127.0.0.1:3333/MeutiaHattaGemalaHattaHalidaHatta,http://semanticweb.cs.vu.nl/2009/11/sem/Actor,Meutia HattaGemala HattaHalida Hatta,
http://127.0.0.1:3333/NurleikaSutowo,http://semanticweb.cs.vu.nl/2009/11/sem/Actor,Nurleika Sutowo,
http://127.0.0.1:3333/LetdaInfEzharSafaSyailendra,http://semanticweb.cs.vu.nl/2009/11/sem/Actor,Letda Inf. Ezhar Safa Syailendra,
http://127.0.0.1:3333/DadangSuryadi,http://semanticweb.cs.vu.nl/2009/11/sem/Actor,Dadang Suryadi,
http://127.0.0.1:3333/DjokoSanyoto,http://semanticweb.cs.vu.nl/2009/11/sem/Actor,Djoko Sanyoto,
http://127.0.0.1:3333/LolaVasconcelos,http://semanticweb.cs.vu.nl/2009/11/sem/Actor,Lola Vasconcelos,
http://127.0.0.1:3333/DharmaMangkuluhur,http://semanticweb.cs.vu.nl/2009/11/sem/Actor,Dharma Mangkuluhur,
http://127.0.0.1:3333/JerryAdithyaKsatriaSambuaga,http://semanticweb.cs.vu.nl/2009/11/sem/Actor,Jerry Adithya Ksatria Sambuaga,
http://127.0.0.1:3333/KhamisKhadafi,http://semanticweb.cs.vu.nl/2009/11/sem/Actor,Khamis Khadafi,
http://127.0.0.1:3333/MAverus,http://semanticweb.cs.vu.nl/2009/11/sem/Actor,M. Averus,
http://127.0.0.1:3333/EnnyLukitaningDiah,http://semanticweb.cs.vu.nl/2009/11/sem/Actor,Enny Lukitaning Diah,
http://127.0.0.1:3333/GakesGuterres,http://semanticweb.cs.vu.nl/2009/11/sem/Actor,Gakes Guterres,
http://127.0.0.1:3333/DanielGusmo,http://semanticweb.cs.vu.nl/2009/11/sem/Actor,Daniel Gusmão,
http://127.0.0.1:3333/TeukuRefialdi,http://semanticweb.cs.vu.nl/2009/11/sem/Actor,Teuku Refialdi,
http://127.0.0.1:3333/DwiPrihantiIndriani,http://semanticweb.cs.vu.nl/2009/11/sem/Actor,Dwi Prihanti Indriani,
http://127.0.0.1:3333/RezaAlfisyahrArsyad,http://semanticweb.cs.vu.nl/2009/11/sem/Actor,Reza Alfisyahr Arsyad,
http://127.0.0.1:3333/FerryAsmasoebrata,http://semanticweb.cs.vu.nl/2009/11/sem/Actor,Ferry Asmasoebrata,
http://127.0.0.1:3333/RasunaAyuAnanda,http://semanticweb.cs.vu.nl/2009/11/sem/Actor,Rasuna Ayu Ananda,
http://127.0.0.1:3333/HubaibShidiqi,http://semanticweb.cs.vu.nl/2009/11/sem/Actor,Hubaib Shidiqi,
http://127.0.0.1:3333/ZainalNurRizky,http://semanticweb.cs.vu.nl/2009/11/sem/Actor,Zainal Nur Rizky,
http://127.0.0.1:3333/AndryRizaSuryo,http://semanticweb.cs.vu.nl/2009/11/sem/Actor,Andry Riza Suryo,
http://127.0.0.1:3333/LuryElzaAlex,http://semanticweb.cs.vu.nl/2009/11/sem/Actor,Lury Elza Alex,
http://127.0.0.1:3333/SaifalIslamKhadafi,http://semanticweb.cs.vu.nl/2009/11/sem/Actor,Saif al-Islam Khadafi,
http://127.0.0.1:3333/SitiFatimahRatnasangkaraWiranatakusumah,http://semanticweb.cs.vu.nl/2009/11/sem/Actor,Siti Fatimah Ratnasangkara Wiranatakusumah,
http://127.0.0.1:3333/SaladinaFadli,http://semanticweb.cs.vu.nl/2009/11/sem/Actor,Saladina Fadli,
http://127.0.0.1:3333/MarjaniEkowatiLemaistre,http://semanticweb.cs.vu.nl/2009/11/sem/Actor,Marjani Ekowati Lemaistre,
http://127.0.0.1:3333/HanantoSeno,http://semanticweb.cs.vu.nl/2009/11/sem/Actor,Hananto Seno,
http://127.0.0.1:3333/EugenioGusmo,http://semanticweb.cs.vu.nl/2009/11/sem/Actor,Eugenio Gusmão,
http://127.0.0.1:3333/SriSaraswati,http://semanticweb.cs.vu.nl/2009/11/sem/Actor,Sri Saraswati,
http://127.0.0.1:3333/WahyuSanjaya,http://semanticweb.cs.vu.nl/2009/11/sem/Actor,Wahyu Sanjaya,
http://127.0.0.1:3333/AstridSalim,http://semanticweb.cs.vu.nl/2009/11/sem/Actor,Astrid Salim,
http://127.0.0.1:3333/ErikHidayat,http://semanticweb.cs.vu.nl/2009/11/sem/Actor,Erik Hidayat ,
http://127.0.0.1:3333/DanvySekartajiIndriHaryanti,http://semanticweb.cs.vu.nl/2009/11/sem/Actor,Danvy Sekartaji Indri Haryanti ,
http://127.0.0.1:3333/IlhamAkbar,http://semanticweb.cs.vu.nl/2009/11/sem/Actor,Ilham Akbar,
http://127.0.0.1:3333/HeryatiZuraida,http://semanticweb.cs.vu.nl/2009/11/sem/Actor,Heryati Zuraida,
http://127.0.0.1:3333/GeloraSuryaDharma,http://semanticweb.cs.vu.nl/2009/11/sem/Actor,Gelora Surya Dharma,
http://127.0.0.1:3333/Ruzaina,http://semanticweb.cs.vu.nl/2009/11/sem/Actor,Ruzaina,
http://127.0.0.1:3333/SKTrimurti,http://semanticweb.cs.vu.nl/2009/11/sem/Actor,S.K. Trimurti,
http://127.0.0.1:3333/AbdullahSyafiiGAM,http://semanticweb.cs.vu.nl/2009/11/sem/Actor,Abdullah Syafi'i (GAM),
http://127.0.0.1:3333/RobertusSanyoto,http://semanticweb.cs.vu.nl/2009/11/sem/Actor,Robertus Sanyoto,
http://127.0.0.1:3333/RadenMasSewaka,http://semanticweb.cs.vu.nl/2009/11/sem/Actor,Raden Mas Sewaka,
http://127.0.0.1:3333/SHSimatupang,http://semanticweb.cs.vu.nl/2009/11/sem/Actor,S.H. Simatupang,
http://127.0.0.1:3333/FrontRevolusiIndependenTimorLeste,http://semanticweb.cs.vu.nl/2009/11/sem/Actor,Front Revolusi Independen Timor Leste,
http://127.0.0.1:3333/Soetedjoakademisi,http://semanticweb.cs.vu.nl/2009/11/sem/Actor,Soetedjo (akademisi),
http://127.0.0.1:3333/KomandoDaerahMiliterIBukitBarisan,http://semanticweb.cs.vu.nl/2009/11/sem/Actor,Komando Daerah Militer I/Bukit Barisan,
http://127.0.0.1:3333/PasukanInternasionalTimorTimur,http://semanticweb.cs.vu.nl/2009/11/sem/Actor,Pasukan Internasional Timor Timur,
http://127.0.0.1:3333/RadenSjamsoeddin,http://semanticweb.cs.vu.nl/2009/11/sem/Actor,Raden Sjamsoeddin,
http://127.0.0.1:3333/KomandoDaerahMiliterXIVHasanuddin,http://semanticweb.cs.vu.nl/2009/11/sem/Actor,Komando Daerah Militer XIV/Hasanuddin,
http://127.0.0.1:3333/AjitSingh,http://semanticweb.cs.vu.nl/2009/11/sem/Actor,Ajit Singh,
http://127.0.0.1:3333/KomandoDaerahMiliterXVIICenderawasih,http://semanticweb.cs.vu.nl/2009/11/sem/Actor,Komando Daerah Militer XVII/Cenderawasih,
http://127.0.0.1:3333/PartaiKatolikIndonesia,http://semanticweb.cs.vu.nl/2009/11/sem/Actor,Partai Katolik (Indonesia),
http://127.0.0.1:3333/KeresidenanBanten,http://semanticweb.cs.vu.nl/2009/11/sem/Actor,Keresidenan Banten,
http://127.0.0.1:3333/PartaiDemokrasiRakyatIndonesia,http://semanticweb.cs.vu.nl/2009/11/sem/Actor,Partai Demokrasi Rakyat Indonesia,
http://127.0.0.1:3333/AngkatanBersenjataPembebasanNasionalTimorTimur,http://semanticweb.cs.vu.nl/2009/11/sem/Actor,Angkatan Bersenjata Pembebasan Nasional Timor Timur,
http://127.0.0.1:3333/KomandoDaerahMiliterVBrawijaya,http://semanticweb.cs.vu.nl/2009/11/sem/Actor,Komando Daerah Militer V/Brawijaya,
http://127.0.0.1:3333/AwaloedinDjamin,http://semanticweb.cs.vu.nl/2009/11/sem/Actor,Awaloedin Djamin,
http://127.0.0.1:3333/Soerjadihakim,http://semanticweb.cs.vu.nl/2009/11/sem/Actor,Soerjadi (hakim),
http://127.0.0.1:3333/AriWibowo,http://semanticweb.cs.vu.nl/2009/11/sem/Actor,Ari Wibowo,
http://127.0.0.1:3333/ToyibHadiwijaya,http://semanticweb.cs.vu.nl/2009/11/sem/Actor,Toyib Hadiwijaya,
http://127.0.0.1:3333/PartaiPatriotIndonesia,http://semanticweb.cs.vu.nl/2009/11/sem/Actor,Partai Patriot (Indonesia),
http://127.0.0.1:3333/PartaiIkatanPendukungKemerdekaanIndonesia,http://semanticweb.cs.vu.nl/2009/11/sem/Actor,Partai Ikatan Pendukung Kemerdekaan Indonesia,
http://127.0.0.1:3333/MungParhadimulyo,http://semanticweb.cs.vu.nl/2009/11/sem/Actor,Mung Parhadimulyo,
http://127.0.0.1:3333/MJusuf,http://semanticweb.cs.vu.nl/2009/11/sem/Actor,M. Jusuf,
http://127.0.0.1:3333/KomandoDaerahMiliterIISriwijaya,http://semanticweb.cs.vu.nl/2009/11/sem/Actor,Komando Daerah Militer II/Sriwijaya,
http://127.0.0.1:3333/SosialisInternasional,http://semanticweb.cs.vu.nl/2009/11/sem/Actor,Sosialis Internasional,
http://127.0.0.1:3333/Soerjadimiliter,http://semanticweb.cs.vu.nl/2009/11/sem/Actor,Soerjadi (militer),
http://127.0.0.1:3333/MohammadNazir,http://semanticweb.cs.vu.nl/2009/11/sem/Actor,Mohammad Nazir,
http://127.0.0.1:3333/AdministrasiSementaraPBBdiTimorTimur,http://semanticweb.cs.vu.nl/2009/11/sem/Actor,Administrasi Sementara PBB di Timor Timur,
http://127.0.0.1:3333/Soekardi,http://semanticweb.cs.vu.nl/2009/11/sem/Actor,Soekardi,
http://127.0.0.1:3333/Soegiartomiliter,http://semanticweb.cs.vu.nl/2009/11/sem/Actor,Soegiarto (militer),
http://127.0.0.1:3333/PartaiBuruhIndonesia,http://semanticweb.cs.vu.nl/2009/11/sem/Actor,Partai Buruh Indonesia,
http://127.0.0.1:3333/RSoepraptopahlawanrevolusi,http://semanticweb.cs.vu.nl/2009/11/sem/Actor,R. Soeprapto (pahlawan revolusi),
http://127.0.0.1:3333/LukmanHakimbirokrat,http://semanticweb.cs.vu.nl/2009/11/sem/Actor,Lukman Hakim (birokrat),
http://127.0.0.1:3333/ProfDrSoemitroDjojohadikusumo,http://semanticweb.cs.vu.nl/2009/11/sem/Actor,Prof. Dr. Soemitro Djojohadikusumo,
http://127.0.0.1:3333/SutanPangeranBaharsyah,http://semanticweb.cs.vu.nl/2009/11/sem/Actor,Sutan Pangeran Baharsyah,
http://127.0.0.1:3333/SitiMurin,http://semanticweb.cs.vu.nl/2009/11/sem/Actor,Siti Murin,
http://127.0.0.1:3333/SimonSimatupang,http://semanticweb.cs.vu.nl/2009/11/sem/Actor,Simon Simatupang,
http://127.0.0.1:3333/AsnahHamid,http://semanticweb.cs.vu.nl/2009/11/sem/Actor,Asnah Hamid,
http://127.0.0.1:3333/SitiKholilah,http://semanticweb.cs.vu.nl/2009/11/sem/Actor,Siti Kholilah,
http://127.0.0.1:3333/HajiAbdullah,http://semanticweb.cs.vu.nl/2009/11/sem/Actor,Haji Abdullah,
http://127.0.0.1:3333/KatharinabrPanjaitan,http://semanticweb.cs.vu.nl/2009/11/sem/Actor,Katharina br. Panjaitan,
http://127.0.0.1:3333/MarhusaPanggabean,http://semanticweb.cs.vu.nl/2009/11/sem/Actor,Marhusa Panggabean,
http://127.0.0.1:3333/CikMenyelara,http://semanticweb.cs.vu.nl/2009/11/sem/Actor,Cik Menyelara,
http://127.0.0.1:3333/IGustiNyomanRaka,http://semanticweb.cs.vu.nl/2009/11/sem/Actor,I Gusti Nyoman Raka,
http://127.0.0.1:3333/HiraTettyYoga,http://semanticweb.cs.vu.nl/2009/11/sem/Actor,Hira Tetty Yoga,
http://127.0.0.1:3333/BagusYogaNandita,http://semanticweb.cs.vu.nl/2009/11/sem/Actor,Bagus Yoga Nandita,
http://127.0.0.1:3333/SalimMutahar,http://semanticweb.cs.vu.nl/2009/11/sem/Actor,Salim Mutahar,
http://127.0.0.1:3333/Kertosoediro,http://semanticweb.cs.vu.nl/2009/11/sem/Actor,Kertosoediro,
http://127.0.0.1:3333/Sumilah,http://semanticweb.cs.vu.nl/2009/11/sem/Actor,Sumilah,
http://127.0.0.1:3333/Partiprawiro,http://semanticweb.cs.vu.nl/2009/11/sem/Actor,Partiprawiro,
http://127.0.0.1:3333/LiemGimTo,http://semanticweb.cs.vu.nl/2009/11/sem/Actor,Liem Gim To,
http://127.0.0.1:3333/SalehMangoendiningrat,http://semanticweb.cs.vu.nl/2009/11/sem/Actor,Saleh Mangoendiningrat,
http://127.0.0.1:3333/MochamadIyas,http://semanticweb.cs.vu.nl/2009/11/sem/Actor,Mochamad Iyas,
http://127.0.0.1:3333/RASuhardaniArifin,http://semanticweb.cs.vu.nl/2009/11/sem/Actor,R.A Suhardani Arifin,
http://127.0.0.1:3333/SitiKatoemiWirodihardjo,http://semanticweb.cs.vu.nl/2009/11/sem/Actor,Siti Katoemi Wirodihardjo,
http://127.0.0.1:3333/RadenHadjiAhmadJuwaeni,http://semanticweb.cs.vu.nl/2009/11/sem/Actor,Raden Hadji Ahmad Juwaeni,
http://127.0.0.1:3333/JoyceTheresiaPamelaKohler,http://semanticweb.cs.vu.nl/2009/11/sem/Actor,Joyce Theresia Pamela Kohler,
http://127.0.0.1:3333/ElizabethOctavianus,http://semanticweb.cs.vu.nl/2009/11/sem/Actor,Elizabeth Octavianus,
http://127.0.0.1:3333/JosephMooy,http://semanticweb.cs.vu.nl/2009/11/sem/Actor,Joseph Mooy,
http://127.0.0.1:3333/SitiSholehah,http://semanticweb.cs.vu.nl/2009/11/sem/Actor,Siti Sholehah,
http://127.0.0.1:3333/Sumini,http://semanticweb.cs.vu.nl/2009/11/sem/Actor,Sumini,
http://127.0.0.1:3333/KanjengPangeranAdipatiSoejonoHandajaningrat,http://semanticweb.cs.vu.nl/2009/11/sem/Actor,Kanjeng Pangeran Adipati Soejono Handajaningrat,
http://127.0.0.1:3333/RNgDuryatSastroamidjojo,http://semanticweb.cs.vu.nl/2009/11/sem/Actor,R.Ng. Duryat Sastroamidjojo,
http://127.0.0.1:3333/RAyKustiahDanuningrat,http://semanticweb.cs.vu.nl/2009/11/sem/Actor,R.Ay. Kustiah Danuningrat,
http://127.0.0.1:3333/LieKimNio,http://semanticweb.cs.vu.nl/2009/11/sem/Actor,Lie Kim Nio,
http://127.0.0.1:3333/MohammadAdnan,http://semanticweb.cs.vu.nl/2009/11/sem/Actor,Mohammad Adnan,
http://127.0.0.1:3333/KRAyHatmantiHatmohoedojo,http://semanticweb.cs.vu.nl/2009/11/sem/Actor,K. R. Ay. Hatmanti Hatmohoedojo,
http://127.0.0.1:3333/KPHSoemoharjomo,http://semanticweb.cs.vu.nl/2009/11/sem/Actor,K. P. H Soemoharjomo,
http://127.0.0.1:3333/EddyAbdulManaf,http://semanticweb.cs.vu.nl/2009/11/sem/Actor,Eddy Abdul Manaf,
http://127.0.0.1:3333/PhilipFrederikLaurensSigar,http://semanticweb.cs.vu.nl/2009/11/sem/Actor,Philip Frederik Laurens Sigar,
http://127.0.0.1:3333/CornelieEmelieMaengkom,http://semanticweb.cs.vu.nl/2009/11/sem/Actor,Cornelie Emelie Maengkom,
http://127.0.0.1:3333/TjoaGimJongNio,http://semanticweb.cs.vu.nl/2009/11/sem/Actor,Tjoa Gim Jong Nio,
http://127.0.0.1:3333/SjahrirMulyoUtomo,http://semanticweb.cs.vu.nl/2009/11/sem/Actor,Sjahrir Mulyo Utomo,
http://127.0.0.1:3333/Lasmiati,http://semanticweb.cs.vu.nl/2009/11/sem/Actor,Lasmiati,
http://127.0.0.1:3333/HjRoosniahNasution,http://semanticweb.cs.vu.nl/2009/11/sem/Actor,Hj. Roosniah Nasution,
http://127.0.0.1:3333/SitiKhadijah,http://semanticweb.cs.vu.nl/2009/11/sem/Actor,Siti Khadijah,
http://127.0.0.1:3333/Mahmodin,http://semanticweb.cs.vu.nl/2009/11/sem/Actor,Mahmodin,
http://127.0.0.1:3333/SitiFatimatulZahra,http://semanticweb.cs.vu.nl/2009/11/sem/Actor,Siti Fatimatul Zahra,
http://127.0.0.1:3333/CutNyakZainab,http://semanticweb.cs.vu.nl/2009/11/sem/Actor,Cut Nyak Zainab,
http://127.0.0.1:3333/SudalmijahSuhudRais,http://semanticweb.cs.vu.nl/2009/11/sem/Actor,Sudalmijah Suhud Rais,
http://127.0.0.1:3333/Nursiah,http://semanticweb.cs.vu.nl/2009/11/sem/Actor,Nursiah,
http://127.0.0.1:3333/MinabrSibuea,http://semanticweb.cs.vu.nl/2009/11/sem/Actor,Mina br. Sibuea,
http://127.0.0.1:3333/ElisabethWilhemminaHenketSahusilawane,http://semanticweb.cs.vu.nl/2009/11/sem/Actor,Elisabeth Wilhemmina Henket-Sahusilawane,
http://127.0.0.1:3333/SoekotjoJoedhojono,http://semanticweb.cs.vu.nl/2009/11/sem/Actor,Soekotjo Joedhojono,
http://127.0.0.1:3333/AbinabrSiburian,http://semanticweb.cs.vu.nl/2009/11/sem/Actor,Abina br. Siburian,
http://127.0.0.1:3333/JulianusSiregar,http://semanticweb.cs.vu.nl/2009/11/sem/Actor,Julianus Siregar,
http://127.0.0.1:3333/HAchmadBakrie,http://semanticweb.cs.vu.nl/2009/11/sem/Actor,H. Achmad Bakrie,
http://127.0.0.1:3333/HOSCokroaminoto,http://semanticweb.cs.vu.nl/2009/11/sem/Actor,H.O.S. Cokroaminoto,
http://127.0.0.1:3333/BerlianSurtaniPanggabean,http://semanticweb.cs.vu.nl/2009/11/sem/Actor,Berlian Surtani Panggabean,
http://127.0.0.1:3333/Tjitrodihardjo,http://semanticweb.cs.vu.nl/2009/11/sem/Actor,Tjitrodihardjo,
http://127.0.0.1:3333/SibylleOllmann,http://semanticweb.cs.vu.nl/2009/11/sem/Actor,Sibylle Ollmann,
http://127.0.0.1:3333/Kalla,http://semanticweb.cs.vu.nl/2009/11/sem/Actor,Kalla,
http://127.0.0.1:3333/ErnaSoedaryatiSoekardi,http://semanticweb.cs.vu.nl/2009/11/sem/Actor,Erna Soedaryati Soekardi,
http://127.0.0.1:3333/AndiMurniati,http://semanticweb.cs.vu.nl/2009/11/sem/Actor,Andi Murniati,
http://127.0.0.1:3333/JanimarKamili,http://semanticweb.cs.vu.nl/2009/11/sem/Actor,Janimar Kamili,
http://127.0.0.1:3333/SunarmiJunus,http://semanticweb.cs.vu.nl/2009/11/sem/Actor,Sunarmi Junus,
http://127.0.0.1:3333/AdolfLaurensTutupoly,http://semanticweb.cs.vu.nl/2009/11/sem/Actor,Adolf Laurens Tutupoly,
http://127.0.0.1:3333/ZonHarjo,http://semanticweb.cs.vu.nl/2009/11/sem/Actor,Zon Harjo,
http://127.0.0.1:3333/EllydaYatim,http://semanticweb.cs.vu.nl/2009/11/sem/Actor,Ellyda Yatim,
http://127.0.0.1:3333/Soekirah,http://semanticweb.cs.vu.nl/2009/11/sem/Actor,Soekirah,
http://127.0.0.1:3333/SriEliza,http://semanticweb.cs.vu.nl/2009/11/sem/Actor,Sri Eliza,
http://127.0.0.1:3333/WidjiatnoNotomihardjo,http://semanticweb.cs.vu.nl/2009/11/sem/Actor,Widjiatno Notomihardjo,
http://127.0.0.1:3333/SurtanibrPanggabean,http://semanticweb.cs.vu.nl/2009/11/sem/Actor,Surtani br. Panggabean,
http://127.0.0.1:3333/JeroRatnaKusuma,http://semanticweb.cs.vu.nl/2009/11/sem/Actor,Jero Ratna Kusuma,
http://127.0.0.1:3333/EnusJunus,http://semanticweb.cs.vu.nl/2009/11/sem/Actor,Enus Junus,
http://127.0.0.1:3333/RooslilabrSimanjuntak,http://semanticweb.cs.vu.nl/2009/11/sem/Actor,Rooslila br. Simanjuntak,
http://127.0.0.1:3333/MariaGeertruidaStier,http://semanticweb.cs.vu.nl/2009/11/sem/Actor,Maria Geertruida Stier,
http://127.0.0.1:3333/BonarPandjaitan,http://semanticweb.cs.vu.nl/2009/11/sem/Actor,Bonar Pandjaitan,
http://127.0.0.1:3333/SitiFridaNaiborhu,http://semanticweb.cs.vu.nl/2009/11/sem/Actor,Siti Frida Naiborhu,
http://127.0.0.1:3333/SitiHabibah,http://semanticweb.cs.vu.nl/2009/11/sem/Actor,Siti Habibah,
http://127.0.0.1:3333/SunartiSriHadiyah,http://semanticweb.cs.vu.nl/2009/11/sem/Actor,Sunarti Sri Hadiyah,
http://127.0.0.1:3333/IlyasSimanjuntak,http://semanticweb.cs.vu.nl/2009/11/sem/Actor,Ilyas Simanjuntak,
http://127.0.0.1:3333/Isnadikin,http://semanticweb.cs.vu.nl/2009/11/sem/Actor,Isnadikin,
http://127.0.0.1:3333/HuseinKartasasmitaRatjihNatawidjaja,http://semanticweb.cs.vu.nl/2009/11/sem/Actor,Husein KartasasmitaRatjih Natawidjaja,
http://127.0.0.1:3333/MayjenTNIPurnMusannifRyacudu,http://semanticweb.cs.vu.nl/2009/11/sem/Actor,Mayjen TNI (Purn.) Musannif Ryacudu,
http://127.0.0.1:3333/UbaidDjuabedah,http://semanticweb.cs.vu.nl/2009/11/sem/Actor,Ubaid Djuabedah,
http://127.0.0.1:3333/TubagusIlyasAngkawidjaja,http://semanticweb.cs.vu.nl/2009/11/sem/Actor,Tubagus Ilyas Angkawidjaja,
http://127.0.0.1:3333/HumalaSitompul,http://semanticweb.cs.vu.nl/2009/11/sem/Actor,Humala Sitompul,
http://127.0.0.1:3333/RAZuharyah,http://semanticweb.cs.vu.nl/2009/11/sem/Actor,R.A. Zuharyah,
http://127.0.0.1:3333/IlsyeAnekeRatnawati,http://semanticweb.cs.vu.nl/2009/11/sem/Actor,Ilsye Aneke Ratnawati,
http://127.0.0.1:3333/SudjiatmiNotomihardjo,http://semanticweb.cs.vu.nl/2009/11/sem/Actor,Sudjiatmi Notomihardjo,
http://127.0.0.1:3333/WibowoWirjodiprojo,http://semanticweb.cs.vu.nl/2009/11/sem/Actor,Wibowo Wirjodiprojo,
http://127.0.0.1:3333/MacDonald,http://semanticweb.cs.vu.nl/2009/11/sem/Actor,MacDonald,
http://127.0.0.1:3333/YusofIshak,http://semanticweb.cs.vu.nl/2009/11/sem/Actor,Yusof Ishak,
http://127.0.0.1:3333/SKNingkan,http://semanticweb.cs.vu.nl/2009/11/sem/Actor,S. K. Ningkan,
http://127.0.0.1:3333/RodneyMoore,http://semanticweb.cs.vu.nl/2009/11/sem/Actor,Rodney Moore,
http://127.0.0.1:3333/YassinAffandi,http://semanticweb.cs.vu.nl/2009/11/sem/Actor,Yassin Affandi,
http://127.0.0.1:3333/WalterWalker,http://semanticweb.cs.vu.nl/2009/11/sem/Actor,Walter Walker,
http://127.0.0.1:3333/EddyMartadinata,http://semanticweb.cs.vu.nl/2009/11/sem/Actor,Eddy Martadinata,
http://127.0.0.1:3333/Kartomo,http://semanticweb.cs.vu.nl/2009/11/sem/Actor,Kartomo,
http://127.0.0.1:3333/BertyLoupatty,http://semanticweb.cs.vu.nl/2009/11/sem/Actor,Berty Loupatty,
http://127.0.0.1:3333/CncioLopezdeCarvalho,http://semanticweb.cs.vu.nl/2009/11/sem/Actor,Câncio Lopez de Carvalho,
http://127.0.0.1:3333/AlexanderNanlohy,http://semanticweb.cs.vu.nl/2009/11/sem/Actor,Alexander Nanlohy,
http://127.0.0.1:3333/KaptenMemetSastrawiria,http://semanticweb.cs.vu.nl/2009/11/sem/Actor,Kapten Memet Sastrawiria,
http://127.0.0.1:3333/DeddyWoeryantono,http://semanticweb.cs.vu.nl/2009/11/sem/Actor,Deddy Woeryantono,
http://127.0.0.1:3333/DjasmanBasoOpu,http://semanticweb.cs.vu.nl/2009/11/sem/Actor,Djasman Baso Opu,
http://127.0.0.1:3333/ZainalAbidinIshak,http://semanticweb.cs.vu.nl/2009/11/sem/Actor,Zainal Abidin Ishak,
http://127.0.0.1:3333/AdnanArsal,http://semanticweb.cs.vu.nl/2009/11/sem/Actor,Adnan Arsal,
http://127.0.0.1:3333/JumuTuani,http://semanticweb.cs.vu.nl/2009/11/sem/Actor,Jumu Tuani,
http://127.0.0.1:3333/AbuBakarWahid,http://semanticweb.cs.vu.nl/2009/11/sem/Actor,Abu Bakar Wahid,
http://127.0.0.1:3333/ATvanSStachouwer,http://semanticweb.cs.vu.nl/2009/11/sem/Actor,A. T. van S. Stachouwer,
http://127.0.0.1:3333/BuurmanVanVreeden,http://semanticweb.cs.vu.nl/2009/11/sem/Actor,Buurman Van Vreeden,
http://127.0.0.1:3333/HendrikvanOyen,http://semanticweb.cs.vu.nl/2009/11/sem/Actor,Hendrik van Oyen,
http://127.0.0.1:3333/AKWidjojoatmodjo,http://semanticweb.cs.vu.nl/2009/11/sem/Actor,A.K. Widjojoatmodjo,
http://127.0.0.1:3333/AdelbertvanLangen,http://semanticweb.cs.vu.nl/2009/11/sem/Actor,Adelbert van Langen,
http://127.0.0.1:3333/KaptenTjiptadi,http://semanticweb.cs.vu.nl/2009/11/sem/Actor,Kapten Tjiptadi,
http://127.0.0.1:3333/KaptenWiratno,http://semanticweb.cs.vu.nl/2009/11/sem/Actor,Kapten Wiratno,
http://127.0.0.1:3333/KolonelSudomo,http://semanticweb.cs.vu.nl/2009/11/sem/Actor,Kolonel Sudomo,
http://127.0.0.1:3333/RizieqShihab,http://semanticweb.cs.vu.nl/2009/11/sem/Actor,Rizieq Shihab,
http://127.0.0.1:3333/HariMulyadi,http://semanticweb.cs.vu.nl/2009/11/sem/Actor,Hari Mulyadi,
http://127.0.0.1:3333/PierreAndreasTendean,http://semanticweb.cs.vu.nl/2009/11/sem/Actor,Pierre Andreas Tendean,
http://127.0.0.1:3333/MathiasWenda,http://semanticweb.cs.vu.nl/2009/11/sem/Actor,Mathias Wenda,
http://127.0.0.1:3333/BennyBetjara,http://semanticweb.cs.vu.nl/2009/11/sem/Actor,Benny Betjara,
http://127.0.0.1:3333/AgusWattimena,http://semanticweb.cs.vu.nl/2009/11/sem/Actor,Agus Wattimena,
http://127.0.0.1:3333/AlexManuputty,http://semanticweb.cs.vu.nl/2009/11/sem/Actor,Alex Manuputty,
http://127.0.0.1:3333/TonaasWangkoLendyWangke,http://semanticweb.cs.vu.nl/2009/11/sem/Actor,Tonaas Wangko Lendy Wangke,
http://127.0.0.1:3333/EnduMarsono,http://semanticweb.cs.vu.nl/2009/11/sem/Actor,Endu Marsono,
http://127.0.0.1:3333/KeriLaranSabalae,http://semanticweb.cs.vu.nl/2009/11/sem/Actor,Keri Laran Sabalae,
http://127.0.0.1:3333/EddyWibowo,http://semanticweb.cs.vu.nl/2009/11/sem/Actor,Eddy Wibowo,
http://127.0.0.1:3333/Meyer,http://semanticweb.cs.vu.nl/2009/11/sem/Actor,Meyer,
http://127.0.0.1:3333/JMvdBerge,http://semanticweb.cs.vu.nl/2009/11/sem/Actor,J.M. v/d Berge,
http://127.0.0.1:3333/SallehBinSambas,http://semanticweb.cs.vu.nl/2009/11/sem/Actor,Salleh Bin Sambas,
http://127.0.0.1:3333/JeremyMoore,http://semanticweb.cs.vu.nl/2009/11/sem/Actor,Jeremy Moore,
http://127.0.0.1:3333/LBMurdani,http://semanticweb.cs.vu.nl/2009/11/sem/Actor,L. B. Murdani,
http://127.0.0.1:3333/JoniBotak,http://semanticweb.cs.vu.nl/2009/11/sem/Actor,Joni Botak,
http://127.0.0.1:3333/CJvanWestenbrugge,http://semanticweb.cs.vu.nl/2009/11/sem/Actor,C.J. van Westenbrugge,
http://127.0.0.1:3333/AjudanSiwabessy,http://semanticweb.cs.vu.nl/2009/11/sem/Actor,Ajudan Siwabessy,
http://127.0.0.1:3333/WAvanHeuven,http://semanticweb.cs.vu.nl/2009/11/sem/Actor,W.A. van Heuven,
http://127.0.0.1:3333/PauloPereiraGuerreiro,http://semanticweb.cs.vu.nl/2009/11/sem/Actor,Paulo Pereira Guerreiro,
http://127.0.0.1:3333/DonaldIsaacPanjaitan,http://semanticweb.cs.vu.nl/2009/11/sem/Actor,Donald Isaac Panjaitan,
http://127.0.0.1:3333/AyahMuni,http://semanticweb.cs.vu.nl/2009/11/sem/Actor,Ayah Muni,
http://127.0.0.1:3333/ManueldeSousa,http://semanticweb.cs.vu.nl/2009/11/sem/Actor,Manuel de Sousa,
http://127.0.0.1:3333/WilliamHBeale,http://semanticweb.cs.vu.nl/2009/11/sem/Actor,William H. Beale,
http://127.0.0.1:3333/AmirBiki,http://semanticweb.cs.vu.nl/2009/11/sem/Actor,Amir Biki,
http://127.0.0.1:3333/IvorHodgkinson,http://semanticweb.cs.vu.nl/2009/11/sem/Actor,Ivor Hodgkinson,
http://127.0.0.1:3333/WilliamBroderick,http://semanticweb.cs.vu.nl/2009/11/sem/Actor,William Broderick,
http://127.0.0.1:3333/AjudanTahapary,http://semanticweb.cs.vu.nl/2009/11/sem/Actor,Ajudan Tahapary,
http://127.0.0.1:3333/DomingusSopacua,http://semanticweb.cs.vu.nl/2009/11/sem/Actor,Domingus Sopacua,
http://127.0.0.1:3333/PapuawilayahIndonesia,http://www.opengis.net/ont/geosparql#Feature,Papua (wilayah Indonesia),
http://127.0.0.1:3333/SungeiKoemba,http://www.opengis.net/ont/geosparql#Feature,Sungei Koemba,
http://127.0.0.1:3333/DistrikLiqui,http://www.opengis.net/ont/geosparql#Feature,Distrik Liquiçá,
http://127.0.0.1:3333/PlazaSentralKlenderJlIGustiNgurahRaiNo13DurenSawitJakartaTimurDKIJakarta,http://www.opengis.net/ont/geosparql#Feature,"Plaza Sentral Klender, Jl. I Gusti Ngurah Rai No. 13, Duren Sawit, Jakarta Timur, DKI Jakarta",
http://127.0.0.1:3333/JakartaIndonesia,http://www.opengis.net/ont/geosparql#Feature,"Jakarta, Indonesia",
http://127.0.0.1:3333/RayogaHediprasetyoDjojohadikusumo,http://semanticweb.cs.vu.nl/2009/11/sem/Actor,Rayoga Hediprasetyo Djojohadikusumo,
http://127.0.0.1:3333/LetjenTNIKuntoAriefWibowo,http://semanticweb.cs.vu.nl/2009/11/sem/Actor,Letjen TNI Kunto Arief Wibowo,
http://127.0.0.1:3333/RadenAyuMamowinoto,http://semanticweb.cs.vu.nl/2009/11/sem/Actor,Raden Ayu Mamowinoto,
http://127.0.0.1:3333/MSHidayat,http://semanticweb.cs.vu.nl/2009/11/sem/Actor,M.S. Hidayat,
http://127.0.0.1:3333/RadenMasOemarSabibTjokrosoeprodjo,http://semanticweb.cs.vu.nl/2009/11/sem/Actor,Raden Mas Oemar Sabib Tjokrosoeprodjo,
http://127.0.0.1:3333/KyaiAgengKasanBesariII,http://semanticweb.cs.vu.nl/2009/11/sem/Actor,Kyai Ageng Kasan Besari II,
http://127.0.0.1:3333/HSupardi,http://semanticweb.cs.vu.nl/2009/11/sem/Actor,H. Supardi,
http://127.0.0.1:3333/IrjenPolFirmanSantyabudi,http://semanticweb.cs.vu.nl/2009/11/sem/Actor,Irjen Pol. Firman Santyabudi,
http://127.0.0.1:3333/BennyChatib,http://semanticweb.cs.vu.nl/2009/11/sem/Actor,Benny Chatib,
http://127.0.0.1:3333/DylanSada,http://semanticweb.cs.vu.nl/2009/11/sem/Actor,Dylan Sada,
http://127.0.0.1:3333/OttemanIIIMahmudMaamun,http://semanticweb.cs.vu.nl/2009/11/sem/Actor,Otteman III Mahmud Ma'amun,
http://127.0.0.1:3333/RadenAyuTjokrodisoerjo,http://semanticweb.cs.vu.nl/2009/11/sem/Actor,Raden Ayu Tjokrodisoerjo,
http://127.0.0.1:3333/RadenAjuIstirahMohammadSoebari,http://semanticweb.cs.vu.nl/2009/11/sem/Actor,Raden Aju Istirah Mohammad Soebari,
http://127.0.0.1:3333/RadenMasOemarDjamanTjokroprawiro,http://semanticweb.cs.vu.nl/2009/11/sem/Actor,Raden Mas Oemar Djaman Tjokroprawiro,
http://127.0.0.1:3333/RadenMasAbikoesnoTjokrosoejoso,http://semanticweb.cs.vu.nl/2009/11/sem/Actor,Raden Mas AbikoesnoTjokrosoejoso,
http://127.0.0.1:3333/RadenMasPoerwadiTjokrosoedirjo,http://semanticweb.cs.vu.nl/2009/11/sem/Actor,Raden Mas Poerwadi Tjokrosoedirjo,
http://127.0.0.1:3333/RMTjokroamiseno,http://semanticweb.cs.vu.nl/2009/11/sem/Actor,R.M. Tjokroamiseno,
http://127.0.0.1:3333/RadenAjengAdiati,http://semanticweb.cs.vu.nl/2009/11/sem/Actor,Raden Ajeng Adiati,
http://127.0.0.1:3333/RMMangoensoemo,http://semanticweb.cs.vu.nl/2009/11/sem/Actor,R.M Mangoensoemo,
http://127.0.0.1:3333/RadenMasPoewoto,http://semanticweb.cs.vu.nl/2009/11/sem/Actor,Raden Mas Poewoto,
http://127.0.0.1:3333/RadenAdjengIstidjaTjokrosoedarmo,http://semanticweb.cs.vu.nl/2009/11/sem/Actor,Raden Adjeng Istidja Tjokrosoedarmo,
http://127.0.0.1:3333/RadenAjengIstingatin,http://semanticweb.cs.vu.nl/2009/11/sem/Actor,Raden Ajeng Istingatin,
http://127.0.0.1:3333/WarokRMAdipatiTjokronegoro,http://semanticweb.cs.vu.nl/2009/11/sem/Actor,Warok R.M. Adipati Tjokronegoro,
http://127.0.0.1:3333/AuliaTahkim,http://semanticweb.cs.vu.nl/2009/11/sem/Actor,Aulia Tahkim,
http://127.0.0.1:3333/relatives,http://semanticweb.cs.vu.nl/2009/11/sem/Actor,relatives,
http://127.0.0.1:3333/KartikaWaode,http://semanticweb.cs.vu.nl/2009/11/sem/Actor,Kartika Waode,
http://127.0.0.1:3333/MuhammadHusseinHasyim,http://semanticweb.cs.vu.nl/2009/11/sem/Actor,Muhammad Hussein Hasyim,
http://127.0.0.1:3333/LetdaInfMuhammadFakhriSTHan,http://semanticweb.cs.vu.nl/2009/11/sem/Actor,Letda Inf. Muhammad Fakhri S.T.Han,
http://127.0.0.1:3333/NoraTristyana,http://semanticweb.cs.vu.nl/2009/11/sem/Actor,Nora Tristyana,
http://127.0.0.1:3333/AzmiPerkasaAlamAlhaj,http://semanticweb.cs.vu.nl/2009/11/sem/Actor,Azmi Perkasa Alam Alhaj,
http://127.0.0.1:3333/RichardKevin,http://semanticweb.cs.vu.nl/2009/11/sem/Actor,Richard Kevin,
http://127.0.0.1:3333/MahmudAryaLamanjiji,http://semanticweb.cs.vu.nl/2009/11/sem/Actor,Mahmud Arya Lamanjiji,
http://127.0.0.1:3333/BundaIffet,http://semanticweb.cs.vu.nl/2009/11/sem/Actor,Bunda Iffet,
http://127.0.0.1:3333/AnwarUsman,http://semanticweb.cs.vu.nl/2009/11/sem/Actor,Anwar Usman,
http://127.0.0.1:3333/InfanteriBelanda,http://semanticweb.cs.vu.nl/2009/11/sem/Actor,Infanteri Belanda,
http://127.0.0.1:3333/TeukuKeumanganUmar,http://semanticweb.cs.vu.nl/2009/11/sem/Actor,Teuku Keumangan Umar,
http://127.0.0.1:3333/TEDKelly,http://semanticweb.cs.vu.nl/2009/11/sem/Actor,T.E.D. Kelly,
http://127.0.0.1:3333/PangRati,http://semanticweb.cs.vu.nl/2009/11/sem/Actor,Pang Rati,
http://127.0.0.1:3333/AbdulKarimMS,http://semanticweb.cs.vu.nl/2009/11/sem/Actor,Abdul Karim M.S,
http://127.0.0.1:3333/TeungkuHasanKruengKalee,http://semanticweb.cs.vu.nl/2009/11/sem/Actor,Teungku Hasan Krueng Kalee,
http://127.0.0.1:3333/TeukuDaudCumbok,http://semanticweb.cs.vu.nl/2009/11/sem/Actor,Teuku Daud Cumbok,
http://127.0.0.1:3333/TeungkuAhmadHasballah,http://semanticweb.cs.vu.nl/2009/11/sem/Actor,Teungku Ahmad Hasballah,
http://127.0.0.1:3333/MichiakiKamada,http://semanticweb.cs.vu.nl/2009/11/sem/Actor,Michiaki Kamada,
http://127.0.0.1:3333/ThomasKinkaid,http://semanticweb.cs.vu.nl/2009/11/sem/Actor,Thomas Kinkaid,
http://127.0.0.1:3333/JBTKnig,http://semanticweb.cs.vu.nl/2009/11/sem/Actor,J.B.T König,
http://127.0.0.1:3333/FMollinger,http://semanticweb.cs.vu.nl/2009/11/sem/Actor,F. Mollinger,
http://127.0.0.1:3333/BabaMasao,http://semanticweb.cs.vu.nl/2009/11/sem/Actor,Baba Masao,
http://127.0.0.1:3333/AJFDoulton,http://semanticweb.cs.vu.nl/2009/11/sem/Actor,AJF Doulton,
http://127.0.0.1:3333/Djampi,http://semanticweb.cs.vu.nl/2009/11/sem/Actor,Djampi,
http://127.0.0.1:3333/PangIyo,http://semanticweb.cs.vu.nl/2009/11/sem/Actor,Pang Iyo,
http://127.0.0.1:3333/Nagatani,http://semanticweb.cs.vu.nl/2009/11/sem/Actor,Nagatani,
http://127.0.0.1:3333/Mollinger,http://semanticweb.cs.vu.nl/2009/11/sem/Actor,Mollinger,
http://127.0.0.1:3333/VanVreeden,http://semanticweb.cs.vu.nl/2009/11/sem/Actor,Van Vreeden,
http://127.0.0.1:3333/Otzuka,http://semanticweb.cs.vu.nl/2009/11/sem/Actor,Otzuka,
http://127.0.0.1:3333/RepublikIndonesia19491950,http://semanticweb.cs.vu.nl/2009/11/sem/Actor,Republik Indonesia (1949–1950),
http://127.0.0.1:3333/RepublikTiongkok19121949,http://semanticweb.cs.vu.nl/2009/11/sem/Actor,Republik Tiongkok (1912–1949),
http://127.0.0.1:3333/wikipediaPascaPerangDuniaKedua,http://semanticweb.cs.vu.nl/2009/11/sem/View,wikipedia Pasca Perang Dunia Kedua,
http://127.0.0.1:3333/wikipediaPendudukanJepangdiKalimantanBarat,http://semanticweb.cs.vu.nl/2009/11/sem/View,wikipedia Pendudukan Jepang di Kalimantan Barat,
http://127.0.0.1:3333/wikipediaPersengketaanNuginiBaratdanDekolonisasiOseania,http://semanticweb.cs.vu.nl/2009/11/sem/View,wikipedia Persengketaan Nugini Barat dan Dekolonisasi Oseania,
http://127.0.0.1:3333/wikipediaPemberontakanDITII,http://semanticweb.cs.vu.nl/2009/11/sem/View,wikipedia Pemberontakan DI/TII,
http://127.0.0.1:3333/wikipediaPerangKemerdekaanIndonesia,http://semanticweb.cs.vu.nl/2009/11/sem/View,wikipedia Perang Kemerdekaan Indonesia,
http://127.0.0.1:3333/wikipediaPerangPasifikdariPerangDuniaII,http://semanticweb.cs.vu.nl/2009/11/sem/View,wikipedia Perang Pasifik dari Perang Dunia II,
http://127.0.0.1:3333/DesertirTentaraIndia,http://semanticweb.cs.vu.nl/2009/11/sem/Actor,Desertir Tentara India,
http://127.0.0.1:3333/SukuDayakDesa,http://semanticweb.cs.vu.nl/2009/11/sem/Actor,Suku Dayak Desa,
http://127.0.0.1:3333/BKR,http://semanticweb.cs.vu.nl/2009/11/sem/Actor,BKR,
http://127.0.0.1:3333/PUSA,http://semanticweb.cs.vu.nl/2009/11/sem/Actor,PUSA,
http://127.0.0.1:3333/Kaumuleebalang,http://semanticweb.cs.vu.nl/2009/11/sem/Actor,Kaum uleebalang,
http://127.0.0.1:3333/TRI,http://semanticweb.cs.vu.nl/2009/11/sem/Actor,TRI,
http://127.0.0.1:3333/BarisanUlama,http://semanticweb.cs.vu.nl/2009/11/sem/Actor,Barisan Ulama,
http://127.0.0.1:3333/RelawanTentaraKekaisaranJepang,http://semanticweb.cs.vu.nl/2009/11/sem/Actor,Relawan Tentara Kekaisaran Jepang,
http://127.0.0.1:3333/LaskarKalimantan,http://semanticweb.cs.vu.nl/2009/11/sem/Actor,Laskar Kalimantan,
http://127.0.0.1:3333/TKR,http://semanticweb.cs.vu.nl/2009/11/sem/Actor,TKR,
http://127.0.0.1:3333/MilitanIslam,http://semanticweb.cs.vu.nl/2009/11/sem/Actor,Militan Islam,
http://127.0.0.1:3333/Alun-alunBubat,http://www.opengis.net/ont/geosparql#Feature,Alun-alun Bubat,
"http://127.0.0.1:3333/PlazaSentralKlender,Jl.IGustiNgurahRaiNo.13,DurenSawit,JakartaTimur,DKIJakarta",http://www.opengis.net/ont/geosparql#Feature,"Plaza Sentral Klender, Jl. I Gusti Ngurah Rai No. 13, Duren Sawit, Jakarta Timur, DKI Jakarta",
http://127.0.0.1:3333/Migueldelava,http://semanticweb.cs.vu.nl/2009/11/sem/Actor,Miguel de Álava,
http://127.0.0.1:3333/CommanderNunolvaresBotelho,http://semanticweb.cs.vu.nl/2009/11/sem/Actor,Commander Nuno Álvares Botelho,
http://127.0.0.1:3333/HighCaptainAntnioTelesdeMeneses,http://semanticweb.cs.vu.nl/2009/11/sem/Actor,High-Captain António Teles de Meneses,
http://127.0.0.1:3333/LaksamanaDonFadriquedeToledoOsrio,http://semanticweb.cs.vu.nl/2009/11/sem/Actor,Laksamana Don Fadrique de Toledo Osório,
http://127.0.0.1:3333/douardAdolpheCasimirJosephMortier,http://semanticweb.cs.vu.nl/2009/11/sem/Actor,Édouard Adolphe Casimir Joseph Mortier,
http://127.0.0.1:3333/JeanBaptisteBessires,http://semanticweb.cs.vu.nl/2009/11/sem/Actor,Jean-Baptiste Bessières,
http://127.0.0.1:3333/GebhardvonBlcher,http://semanticweb.cs.vu.nl/2009/11/sem/Actor,Gebhard von Blücher,
http://127.0.0.1:3333/JohanKhler,http://semanticweb.cs.vu.nl/2009/11/sem/Actor,Johan Köhler,
http://127.0.0.1:3333/PangeranEugne,http://semanticweb.cs.vu.nl/2009/11/sem/Actor,Pangeran Eugène,
http://127.0.0.1:3333/AugusteFrdricLouisViessedeMarmont,http://semanticweb.cs.vu.nl/2009/11/sem/Actor,Auguste Frédéric Louis Viesse de Marmont,
http://127.0.0.1:3333/AndrMassna,http://semanticweb.cs.vu.nl/2009/11/sem/Actor,André Masséna,
http://127.0.0.1:3333/Wrttemberg,http://semanticweb.cs.vu.nl/2009/11/sem/Actor,Württemberg,
