key,actor

Kerusuhan rasial Jawa Tengah 1980,

Kerusuhan Banjarmasin,

Peristiwa Tanjung Priok,Tentara Nasional Indonesia

Peristiwa Tanjung Priok,Warga muslim Tanjung Priok

Malari,Mahasiswa Indonesia dan masyarakat miskin perkotaan

Malari,Pemerintah Orde Baru

Peristiwa 19 Agustus 1966,Elemen Masyarakat Kota Bandung yang masih Pro Bung Karno

Peristiwa 19 Agustus 1966,Massa pelajar dan mahasiswa di Bandung

Kejatuhan Soeharto,

Kerusuhan Mei 1998,Indonesia

Kerusuhan Mei 1998,Tentara Nasional Indonesia

Kerusuhan Mei 1998,Kodam Jayakarta

Kerusuhan Mei 1998,Kepolisian Negara Republik Indonesia

Kerusuhan Mei 1998,Korps Brigade Mobil

Kerusuhan Mei 1998,Badan Intelijen Negara Indonesia

Kerusuhan Mei 1998,warga sipil Indonesia

Kerusuhan Mei 1998,Megawati Soekarnoputri

Kerusuhan Mei 1998,Tionghoa

Peristiwa 27 Juli,Pendukung Megawati Soekarnoputri

Peristiwa 27 Juli,Pemerintah Orde Baru

Peristiwa 27 Juli,Pemuda Pancasila

Peristiwa 27 Juli,Tentara Nasional Indonesia Angkatan Darat

Tragedi Semanggi,Tentara Nasional Indonesia 

Tragedi Semanggi,Kepolisian Negara Republik Indonesia

Konflik sektarian Maluku,Laskar Jihad

Konflik sektarian Maluku,Komando Jihad

Konflik sektarian Maluku,Front Pembela Islam

Konflik sektarian Maluku,Jemaah Islamiyah

Konflik sektarian Maluku,Laskar Mujahidin

Konflik sektarian Maluku,Pasukan Jihad

Konflik sektarian Maluku,Desa Sabaleh

Konflik sektarian Maluku,Laskar Mujahidah

Konflik sektarian Maluku,Laskar Kristus

Konflik sektarian Maluku,Front Kedaulatan Maluku

Konflik sektarian Maluku,Brigade Manguni

Konflik sektarian Maluku,Pasukan Merah

Konflik sektarian Maluku,Indonesia

Konflik sektarian Maluku,Tentara Nasional Indonesia

Konflik sektarian Maluku,Kepolisian Negara Republik Indonesia

Konflik sektarian Maluku,Pemuda Pancasila

Konflik sektarian Maluku,Pasukan Kuning



Pembantaian Santa Cruz,Warga Timor Timur

Tragedi Trisakti,Universitas Trisakti

Tragedi Trisakti,Tentara Nasional Indonesia Angkatan Darat

Pembantaian Gereja Liquiçá,Umat Katolik Timor Timur

Pembantaian Gereja Suai,Umat Katolik Timor Timur

Pembantaian di Indonesia 1965–1966,PKI

Pembantaian di Indonesia 1965–1966,Gerwani

Pembantaian di Indonesia 1965–1966,Abangan Jawa

Penculikan aktivis 1997/1998,

Insiden Penembakan Timika 1996,

Pembakaran Plaza Sentral Klender,

Genosida Timor Timur,

Pembantaian Beutong Ateueh,Korem 011/Lilawangsa

Pembantaian Beutong Ateueh,Batalyon 328 Kostrad


Pengeboman Masjid Nurul Iman 1976,

Pengeboman Borobudur 1985,Mohammad Jawad

Pengeboman Borobudur 1985,Abdulkadir Ali Alhabsyi

Pengeboman Borobudur 1985,Husein Ali Alhabsyi

Pengeboman Borobudur 1985,


Serangan ke Limbang,Britania Raya

Serangan ke Limbang,Tentara Nasional Kalimantan Utara

Kerusuhan Poso,TNI

Kerusuhan Poso,POLRI

Kerusuhan Poso,Kodam Wirabuana

Kerusuhan Poso,Korem 132 Tadulako

Kerusuhan Poso,Polda Sulawesi Tengah

Kerusuhan Poso,Batalyon Infanteri 711

Kerusuhan Poso,Polres Poso

Kerusuhan Poso,Jemaah Islamiyah

Kerusuhan Poso,Mujahidin KOMPAK

Kerusuhan Poso,Laskar Jihad

Kerusuhan Poso,Kelelawar Hitam

Kerusuhan Poso,Brigade Manguni

Kerusuhan Poso,Laskar Kristus

Kampanye Hindia Belanda,ABDA Command

Kampanye Hindia Belanda,Belanda

Kampanye Hindia Belanda,Hindia Belanda

Kampanye Hindia Belanda,Britania Raya

Kampanye Hindia Belanda,Australia

Kampanye Hindia Belanda,Selandia Baru

Kampanye Hindia Belanda,Amerika Serikat

Kampanye Hindia Belanda,Kekaisaran Jepang

Pemberontakan Darul Islam,Indonesia

Pemberontakan Darul Islam,Negara Islam Indonesia

Pemberontakan Darul Islam,Legiun Ratu Adil

Serangan Umum 1 Maret 1949,Indonesia

Serangan Umum 1 Maret 1949,Belanda

Permesta,Indonesia

Permesta,Permesta

Permesta,PRRI

Permesta,Amerika Serikat

Permesta,CIA

Permesta,Filipina

Permesta,Polandia

Permesta,Taiwan

Pertempuran Sungei Koemba,Australia

Pertempuran Sungei Koemba,Indonesia

Operasi 17 Agustus,Indonesia

Operasi 17 Agustus,PRRI

Krisis sandera Mapenduma,Indonesia

Krisis sandera Mapenduma,Republik Papua Barat

Revolusi Nasional Indonesia,Indonesia

Revolusi Nasional Indonesia,PDRI

Revolusi Nasional Indonesia,TNI

Revolusi Nasional Indonesia,Korps Brigade Mobil

Revolusi Nasional Indonesia,Tentara Kekaisaran Jepang

Revolusi Nasional Indonesia,Tentara India

Revolusi Nasional Indonesia,Australia

Revolusi Nasional Indonesia,India

Revolusi Nasional Indonesia,Amerika Serikat

Revolusi Nasional Indonesia,Uni Soviet

Revolusi Nasional Indonesia,Belanda

Revolusi Nasional Indonesia,Hindia Belanda

Revolusi Nasional Indonesia,KNIL

Revolusi Nasional Indonesia,NICA

Revolusi Nasional Indonesia,Kesultanan Pontianak

Revolusi Nasional Indonesia,Angkatan Perang Ratu Adil

Revolusi Nasional Indonesia,Pao An Tui

Revolusi Nasional Indonesia,Britania Raya

Revolusi Nasional Indonesia,Kemaharajaan Britania

Revolusi Nasional Indonesia,Australia

Revolusi Nasional Indonesia,Kekaisaran Jepang

Revolusi Nasional Indonesia,Darul Islam

Revolusi Nasional Indonesia,Republik Soviet Indonesia

Pertempuran Laut Aru,Indonesia

Pertempuran Laut Aru,Belanda

Kerusuhan Sambas,Suku Melayu

Kerusuhan Sambas,Suku Dayak

Kerusuhan Sambas,Suku Madura

Pemberontakan di Aceh,Indonesia

Pemberontakan di Aceh,Amerika Serikat

Pemberontakan di Aceh,Gerakan Aceh Merdeka

Pemberontakan di Aceh,Libyan Arab Jamahiriya

Operasi Trisula,TNI

Operasi Trisula,Polri

Operasi Trisula,Brimob

Operasi Trisula,Partai Komunis Indonesia

Krisis Timor Timur 1999,Timor Leste

Krisis Timor Timur 1999,INTERFET

Krisis Timor Timur 1999,UNTAET

Krisis Timor Timur 1999,Australia

Krisis Timor Timur 1999,Selandia Baru

Krisis Timor Timur 1999,Thailand

Krisis Timor Timur 1999,Amerika Serikat

Krisis Timor Timur 1999,Argentina

Krisis Timor Timur 1999,Austria

Krisis Timor Timur 1999,Bangladesh

Krisis Timor Timur 1999,Benin

Krisis Timor Timur 1999,Bolivia

Krisis Timor Timur 1999,Bosnia dan Herzegovina

Krisis Timor Timur 1999,Brasil

Krisis Timor Timur 1999,Britania Raya

Krisis Timor Timur 1999,Bulgaria

Krisis Timor Timur 1999,Chili

Krisis Timor Timur 1999,Denmark

Krisis Timor Timur 1999,Fiji

Krisis Timor Timur 1999,Filipina

Krisis Timor Timur 1999,Gambia

Krisis Timor Timur 1999,Ghana

Krisis Timor Timur 1999,Irlandia

Krisis Timor Timur 1999,Israel

Krisis Timor Timur 1999,Italia

Krisis Timor Timur 1999,Jepang

Krisis Timor Timur 1999,Jerman

Krisis Timor Timur 1999,Kanada

Krisis Timor Timur 1999,Kenya

Krisis Timor Timur 1999,Korea Selatan

Krisis Timor Timur 1999,Kroasia

Krisis Timor Timur 1999,Malaysia

Krisis Timor Timur 1999,Meksiko

Krisis Timor Timur 1999,Mesir

Krisis Timor Timur 1999,Mozambik

Krisis Timor Timur 1999,Namibia

Krisis Timor Timur 1999,Nepal

Krisis Timor Timur 1999,Niger

Krisis Timor Timur 1999,Nigeria

Krisis Timor Timur 1999,Norway

Krisis Timor Timur 1999,Pakistan

Krisis Timor Timur 1999,Peru

Krisis Timor Timur 1999,Portugal

Krisis Timor Timur 1999,Prancis

Krisis Timor Timur 1999,Rusia

Krisis Timor Timur 1999,Samoa

Krisis Timor Timur 1999,Senegal

Krisis Timor Timur 1999,Serbia dan Montenegro

Krisis Timor Timur 1999,Singapura

Krisis Timor Timur 1999,Slowakia

Krisis Timor Timur 1999,Slovenia

Krisis Timor Timur 1999,Spanyol

Krisis Timor Timur 1999,Sri Lanka

Krisis Timor Timur 1999,Swedia

Krisis Timor Timur 1999,Tajikistan

Krisis Timor Timur 1999,Tiongkok

Krisis Timor Timur 1999,Turki

Krisis Timor Timur 1999,Ukraina

Krisis Timor Timur 1999,Uruguay

Krisis Timor Timur 1999,Yordania

Krisis Timor Timur 1999,Vanuatu

Krisis Timor Timur 1999,Zambia

Krisis Timor Timur 1999,Zimbabwe

Krisis Timor Timur 1999,Milisi pro-Indonesia

Krisis Timor Timur 1999,Aitarak

Krisis Timor Timur 1999,Besi Merah Putih

Krisis Timor Timur 1999,Garda Muda Penegak Integrasi

Krisis Timor Timur 1999,Laksaur

Krisis Timor Timur 1999,Mahidi

Krisis Timor Timur 1999,Kopassus

Krisis Timor Timur 1999,BIN

Krisis Timor Timur 1999,Lobi Jakarta

Pendaratan di Labis,Malaysia

Pendaratan di Labis,Britania Raya

Pendaratan di Labis,Selandia Baru

Pendaratan di Labis,Indonesia

Pemberontakan PKI 1948,Indonesia

Pemberontakan PKI 1948,TNI

Pemberontakan PKI 1948,POLRI

Pemberontakan PKI 1948,Front Demokrasi Rakyat

Pemberontakan PKI 1948,PKI

Pemberontakan PKI 1948,PSI

Pemberontakan PKI 1948,PBI

Pemberontakan PKI 1948,SOBSI

Pemberontakan PKI 1948,Pesindo

Operasi militer Indonesia di Aceh 1990-1998,Indonesia

Operasi militer Indonesia di Aceh 1990-1998,Angkatan Bersenjata Republik Indonesia

Operasi militer Indonesia di Aceh 1990-1998,Amerika Serikat

Operasi militer Indonesia di Aceh 1990-1998,Gerakan Aceh Merdeka

Operasi militer Indonesia di Aceh 1990-1998,Tentara Nasional Aceh

Operasi militer Indonesia di Aceh 1990-1998,Laskar Inöng Balè

Peristiwa Arfai,Indonesia

Peristiwa Arfai,Republik Papua Barat

Peristiwa Arfai,Organisasi Papua Merdeka

Operasi Trikora,Indonesia

Operasi Trikora,Uni Soviet

Operasi Trikora,Belanda

Operasi Trikora,Nugini Belanda

Agresi Militer Belanda II,Indonesia

Agresi Militer Belanda II,Belanda

Pendudukan Indonesia atas Timor Timur,Indonesia

Pendudukan Indonesia atas Timor Timur,Timor Timur

Pendudukan Indonesia atas Timor Timur,Amerika Serikat

Pendudukan Indonesia atas Timor Timur,Australia

Pendudukan Indonesia atas Timor Timur,Britania Raya

Pendudukan Indonesia atas Timor Timur,Kanada

Pendudukan Indonesia atas Timor Timur,Jepang

Pendudukan Indonesia atas Timor Timur,Malaysia

Pendudukan Indonesia atas Timor Timur,Timor Leste

Pendudukan Indonesia atas Timor Timur,Fretilin

Pendudukan Indonesia atas Timor Timur,CNRM

Pendudukan Indonesia atas Timor Timur,UDT

Pendudukan Indonesia atas Timor Timur,Amerika Serikat

Pendudukan Indonesia atas Timor Timur,Australia

Pendudukan Indonesia atas Timor Timur,Britania Raya

Pendudukan Indonesia atas Timor Timur,Filipina

Pendudukan Indonesia atas Timor Timur,Jepang

Pendudukan Indonesia atas Timor Timur,Kanada

Pendudukan Indonesia atas Timor Timur,Korea Selatan

Pendudukan Indonesia atas Timor Timur,Libya

Pendudukan Indonesia atas Timor Timur,Malaysia

Pendudukan Indonesia atas Timor Timur,Mozambik

Pendudukan Indonesia atas Timor Timur,Portugal

Pendudukan Indonesia atas Timor Timur,Uni Soviet

Pendudukan Indonesia atas Timor Timur,Rusia

Pendudukan Indonesia atas Timor Timur,Thailand

Pendudukan Indonesia atas Timor Timur,Tiongkok

Gerakan 30 September,Resimen Tjakrabirawa

Gerakan 30 September,TNI

Invasi Ambon,Indonesia

Invasi Ambon,Republik Maluku Selatan

Konfrontasi Indonesia–Malaysia,Persemakmuran Bangsa-Bangsa

Konfrontasi Indonesia–Malaysia,Malaysia

Konfrontasi Indonesia–Malaysia,Singapura

Konfrontasi Indonesia–Malaysia,Britania Raya

Konfrontasi Indonesia–Malaysia,Australia

Konfrontasi Indonesia–Malaysia,Selandia Baru

Konfrontasi Indonesia–Malaysia,Brunei

Konfrontasi Indonesia–Malaysia,Kanada

Konfrontasi Indonesia–Malaysia,Amerika Serikat

Konfrontasi Indonesia–Malaysia,Indonesia

Konfrontasi Indonesia–Malaysia,PKI

Konfrontasi Indonesia–Malaysia,PKKU

Konfrontasi Indonesia–Malaysia,PRB

Konfrontasi Indonesia–Malaysia,Tiongkok

Konfrontasi Indonesia–Malaysia,Filipina

Konfrontasi Indonesia–Malaysia,Uni Soviet

Konfrontasi Indonesia–Malaysia,Vietnam Utara

Bandung Lautan Api,Indonesia

Bandung Lautan Api,Kekaisaran Britania

Bandung Lautan Api,Britania Raya

Bandung Lautan Api,Kemaharajaan Britania India

Bandung Lautan Api,Imperium Belanda

Bandung Lautan Api,Kerajaan Belanda

Bandung Lautan Api,Hindia Belanda

Bandung Lautan Api,Pemerintahan Sipil Hindia Belanda

Invasi Indonesia ke Timor Timur,Indonesia

Invasi Indonesia ke Timor Timur,ABRI

Invasi Indonesia ke Timor Timur,PSTT

Invasi Indonesia ke Timor Timur,UDT

Invasi Indonesia ke Timor Timur,APODETI

Invasi Indonesia ke Timor Timur,Amerika Serikat

Invasi Indonesia ke Timor Timur,Arab Saudi

Invasi Indonesia ke Timor Timur,Australia

Invasi Indonesia ke Timor Timur,Korea Selatan

Invasi Indonesia ke Timor Timur,Taiwan

Invasi Indonesia ke Timor Timur,Timor Leste

Invasi Indonesia ke Timor Timur,FRETILIN

Invasi Indonesia ke Timor Timur,FALINTIL

Invasi Indonesia ke Timor Timur,Kuba

Invasi Indonesia ke Timor Timur,Mozambik

Invasi Indonesia ke Timor Timur,Swedia

Invasi Indonesia ke Timor Timur,Tiongkok

Invasi Indonesia ke Timor Timur,Uni Soviet

Operasi Jayapura 1976,Indonesia

Operasi Jayapura 1976,Republik Papua Barat

Konflik Papua,Indonesia

Konflik Papua,Papua Nugini

Konflik Papua,Amerika Serikat

Konflik Papua,Australia

Konflik Papua,Uni Soviet

Konflik Papua,Fiji

Konflik Papua,Organisasi Papua Merdeka

Konflik Papua,Libya

Konflik Papua,Vanuatu

Konflik Papua,Palau

Konflik Papua,Tuvalu

Konflik Papua,Kepulauan Solomon

Konflik Papua,Nauru

Konflik Papua,Samoa

Konflik Papua,Tonga

